tail_probability,tail_visibility,probability_error,impact_error,value_shift,negative_impact_confidence,method,cases,mean_true_value,mean_regret,p90_regret,harmful_choice_rate,catastrophe_exposure,affected_harm_rate,baseline_selection_rate,certification_rate,certified_nonoracle_rate,certified_harmful_rate
0.0,included,0.0,0.0,0.0,1.0,oracle_expected,1000,18.842184263991825,0.0,0.0,0.0,0.0,0.0,0.0,0.0,0.0,0.0
0.0,included,0.0,0.0,0.0,1.0,baseline,1000,0.0,18.842184263991825,27.786591041640495,0.0,0.0,0.0,1.0,0.0,0.0,0.0
0.0,included,0.0,0.0,0.0,1.0,declared_raw,1000,18.842184263991825,0.0,0.0,0.0,0.0,0.0,0.0,0.0,0.0,0.0
0.0,included,0.0,0.0,0.0,1.0,confidence_shrink,1000,18.842184263991825,0.0,0.0,0.0,0.0,0.0,0.0,0.0,0.0,0.0
0.0,included,0.0,0.0,0.0,1.0,minimax_regret,1000,18.84213535491239,4.8909079439185985e-05,0.0,0.0,0.0,0.0,0.0,0.0,0.0,0.0
0.0,included,0.0,0.0,0.0,1.0,robustness_gate,1000,16.98119263659268,1.8609916273991467,10.054235585491186,0.0,0.0,0.0,0.173,0.827,0.0,0.0
0.0,included,0.0,0.0,0.0,0.4,oracle_expected,1000,18.664654706660343,0.0,0.0,0.0,0.0,0.0,0.0,0.0,0.0,0.0
0.0,included,0.0,0.0,0.0,0.4,baseline,1000,0.0,18.664654706660343,27.024805544675115,0.0,0.0,0.0,1.0,0.0,0.0,0.0
0.0,included,0.0,0.0,0.0,0.4,declared_raw,1000,18.664654706660343,0.0,0.0,0.0,0.0,0.0,0.0,0.0,0.0,0.0
0.0,included,0.0,0.0,0.0,0.4,confidence_shrink,1000,18.547099222069246,0.1175554845910978,0.0,0.0,0.0,0.0,0.0,0.0,0.0,0.0
0.0,included,0.0,0.0,0.0,0.4,minimax_regret,1000,18.664431629393185,0.00022307726715739662,0.0,0.0,0.0,0.0,0.0,0.0,0.0,0.0
0.0,included,0.0,0.0,0.0,0.4,robustness_gate,1000,18.163726092025154,0.5009286146351906,0.0,0.0,0.0,0.0,0.047,0.953,0.027,0.0
0.0,included,0.0,0.0,0.5,1.0,oracle_expected,1000,18.857229231417804,0.0,0.0,0.0,0.0,0.0,0.0,0.0,0.0,0.0
0.0,included,0.0,0.0,0.5,1.0,baseline,1000,0.0,18.857229231417804,27.461478983635057,0.0,0.0,0.0,1.0,0.0,0.0,0.0
0.0,included,0.0,0.0,0.5,1.0,declared_raw,1000,18.535227882635024,0.3220013487827808,0.0,0.0,0.0,0.0,0.009,0.0,0.0,0.0
0.0,included,0.0,0.0,0.5,1.0,confidence_shrink,1000,18.535227882635024,0.3220013487827808,0.0,0.0,0.0,0.0,0.009,0.0,0.0,0.0
0.0,included,0.0,0.0,0.5,1.0,minimax_regret,1000,18.555213924865374,0.30201530655243114,0.0,0.0,0.0,0.0,0.006,0.0,0.0,0.0
0.0,included,0.0,0.0,0.5,1.0,robustness_gate,1000,15.895579326619407,2.9616499047983975,13.429576597639123,0.0,0.0,0.0,0.221,0.779,0.015,0.0
0.0,included,0.0,0.0,0.5,0.4,oracle_expected,1000,18.352796962597576,0.0,0.0,0.0,0.0,0.0,0.0,0.0,0.0,0.0
0.0,included,0.0,0.0,0.5,0.4,baseline,1000,0.0,18.352796962597576,27.440113019098174,0.0,0.0,0.0,1.0,0.0,0.0,0.0
0.0,included,0.0,0.0,0.5,0.4,declared_raw,1000,18.008086922183477,0.3447100404140963,0.0,0.0,0.0,0.0,0.009,0.0,0.0,0.0
0.0,included,0.0,0.0,0.5,0.4,confidence_shrink,1000,18.1955781461945,0.15721881640307359,0.0,0.002,0.0,0.0,0.0,0.0,0.0,0.0
0.0,included,0.0,0.0,0.5,0.4,minimax_regret,1000,18.013066723268434,0.3397302393291393,0.0,0.0,0.0,0.0,0.008,0.0,0.0,0.0
0.0,included,0.0,0.0,0.5,0.4,robustness_gate,1000,17.575010144984585,0.7777868176129874,0.002789342745201763,0.001,0.0,0.0,0.069,0.931,0.031,0.001
0.0,included,0.0,15.0,0.0,1.0,oracle_expected,1000,18.84433648020235,0.0,0.0,0.0,0.0,0.0,0.0,0.0,0.0,0.0
0.0,included,0.0,15.0,0.0,1.0,baseline,1000,0.0,18.84433648020235,27.812030744462714,0.0,0.0,0.0,1.0,0.0,0.0,0.0
0.0,included,0.0,15.0,0.0,1.0,declared_raw,1000,17.935706049299537,0.9086304309028109,3.6529363492528146,0.0,0.0,0.0,0.017,0.0,0.0,0.0
0.0,included,0.0,15.0,0.0,1.0,confidence_shrink,1000,17.935706049299537,0.9086304309028109,3.6529363492528146,0.0,0.0,0.0,0.017,0.0,0.0,0.0
0.0,included,0.0,15.0,0.0,1.0,minimax_regret,1000,17.948392821071195,0.8959436591311519,3.5974757934943016,0.0,0.0,0.0,0.016,0.0,0.0,0.0
0.0,included,0.0,15.0,0.0,1.0,robustness_gate,1000,15.022268988737881,3.8220674914644657,15.48792701025442,0.0,0.0,0.0,0.239,0.761,0.064,0.0
0.0,included,0.0,15.0,0.0,0.4,oracle_expected,1000,18.92413866320953,0.0,0.0,0.0,0.0,0.0,0.0,0.0,0.0,0.0
0.0,included,0.0,15.0,0.0,0.4,baseline,1000,0.0,18.92413866320953,27.59156979014417,0.0,0.0,0.0,1.0,0.0,0.0,0.0
0.0,included,0.0,15.0,0.0,0.4,declared_raw,1000,17.953277868018837,0.9708607951906951,3.999918683171309,0.001,0.0,0.0,0.02,0.0,0.0,0.0
0.0,included,0.0,15.0,0.0,0.4,confidence_shrink,1000,18.4319426189864,0.4921960442231312,0.7081253839522867,0.001,0.0,0.0,0.011,0.0,0.0,0.0
0.0,included,0.0,15.0,0.0,0.4,minimax_regret,1000,17.923199543989618,1.000939119219916,4.162380276077089,0.001,0.0,0.0,0.021,0.0,0.0,0.0
0.0,included,0.0,15.0,0.0,0.4,robustness_gate,1000,16.94605851178142,1.9780801514281154,10.457141986683297,0.001,0.0,0.0,0.134,0.866,0.062,0.001
0.0,included,0.0,15.0,0.5,1.0,oracle_expected,1000,18.493372912661435,0.0,0.0,0.0,0.0,0.0,0.0,0.0,0.0,0.0
0.0,included,0.0,15.0,0.5,1.0,baseline,1000,0.0,18.493372912661435,27.158186734819424,0.0,0.0,0.0,1.0,0.0,0.0,0.0
0.0,included,0.0,15.0,0.5,1.0,declared_raw,1000,16.598029621581507,1.8953432910799268,8.620357413857635,0.0,0.0,0.0,0.045,0.0,0.0,0.0
0.0,included,0.0,15.0,0.5,1.0,confidence_shrink,1000,16.598029621581507,1.8953432910799268,8.620357413857635,0.0,0.0,0.0,0.045,0.0,0.0,0.0
0.0,included,0.0,15.0,0.5,1.0,minimax_regret,1000,16.56977759338334,1.923595319278095,8.792238413833783,0.0,0.0,0.0,0.045,0.0,0.0,0.0
0.0,included,0.0,15.0,0.5,1.0,robustness_gate,1000,13.647414792000145,4.845958120661289,16.622590696481947,0.0,0.0,0.0,0.262,0.738,0.111,0.0
0.0,included,0.0,15.0,0.5,0.4,oracle_expected,1000,18.622685097972834,0.0,0.0,0.0,0.0,0.0,0.0,0.0,0.0,0.0
0.0,included,0.0,15.0,0.5,0.4,baseline,1000,0.0,18.622685097972834,26.985117788074643,0.0,0.0,0.0,1.0,0.0,0.0,0.0
0.0,included,0.0,15.0,0.5,0.4,declared_raw,1000,16.905953570112853,1.7167315278599804,7.542112472684983,0.0,0.0,0.0,0.046,0.0,0.0,0.0
0.0,included,0.0,15.0,0.5,0.4,confidence_shrink,1000,17.677008797870148,0.9456763001026858,2.5920754057518556,0.0,0.0,0.0,0.02,0.0,0.0,0.0
0.0,included,0.0,15.0,0.5,0.4,minimax_regret,1000,16.85019564027284,1.7724894576999939,7.620459279313976,0.0,0.0,0.0,0.046,0.0,0.0,0.0
0.0,included,0.0,15.0,0.5,0.4,robustness_gate,1000,15.857419486331718,2.7652656116411136,12.550960829562122,0.0,0.0,0.0,0.162,0.838,0.082,0.0
0.0,included,0.15,0.0,0.0,1.0,oracle_expected,1000,18.592966123369383,0.0,0.0,0.0,0.0,0.0,0.0,0.0,0.0,0.0
0.0,included,0.15,0.0,0.0,1.0,baseline,1000,0.0,18.592966123369383,27.225581919904283,0.0,0.0,0.0,1.0,0.0,0.0,0.0
0.0,included,0.15,0.0,0.0,1.0,declared_raw,1000,18.55514184065215,0.037824282717231136,0.0,0.0,0.0,0.0,0.0,0.0,0.0,0.0
0.0,included,0.15,0.0,0.0,1.0,confidence_shrink,1000,18.55514184065215,0.037824282717231136,0.0,0.0,0.0,0.0,0.0,0.0,0.0,0.0
0.0,included,0.15,0.0,0.0,1.0,minimax_regret,1000,18.558813571944718,0.03415255142466764,0.0,0.0,0.0,0.0,0.0,0.0,0.0,0.0
0.0,included,0.15,0.0,0.0,1.0,robustness_gate,1000,16.58899857794387,2.0039675454255144,10.742926058198071,0.0,0.0,0.0,0.177,0.823,0.0,0.0
0.0,included,0.15,0.0,0.0,0.4,oracle_expected,1000,18.915126174578017,0.0,0.0,0.0,0.0,0.0,0.0,0.0,0.0,0.0
0.0,included,0.15,0.0,0.0,0.4,baseline,1000,0.0,18.915126174578017,27.222829854787054,0.0,0.0,0.0,1.0,0.0,0.0,0.0
0.0,included,0.15,0.0,0.0,0.4,declared_raw,1000,18.873310720283317,0.041815454294700474,0.0,0.0,0.0,0.0,0.0,0.0,0.0,0.0
0.0,included,0.15,0.0,0.0,0.4,confidence_shrink,1000,18.77701074602629,0.13811542855172837,0.0,0.0,0.0,0.0,0.0,0.0,0.0,0.0
0.0,included,0.15,0.0,0.0,0.4,minimax_regret,1000,18.877611799717098,0.03751437486091632,0.0,0.0,0.0,0.0,0.0,0.0,0.0,0.0
0.0,included,0.15,0.0,0.0,0.4,robustness_gate,1000,18.2895515620401,0.6255746125379186,0.0,0.0,0.0,0.0,0.056,0.944,0.026,0.0
0.0,included,0.15,0.0,0.5,1.0,oracle_expected,1000,18.835160566254704,0.0,0.0,0.0,0.0,0.0,0.0,0.0,0.0,0.0
0.0,included,0.15,0.0,0.5,1.0,baseline,1000,0.0,18.835160566254704,27.84264641934898,0.0,0.0,0.0,1.0,0.0,0.0,0.0
0.0,included,0.15,0.0,0.5,1.0,declared_raw,1000,18.523887971328083,0.3112725949266221,0.0,0.0,0.0,0.0,0.004,0.0,0.0,0.0
0.0,included,0.15,0.0,0.5,1.0,confidence_shrink,1000,18.523887971328083,0.3112725949266221,0.0,0.0,0.0,0.0,0.004,0.0,0.0,0.0
0.0,included,0.15,0.0,0.5,1.0,minimax_regret,1000,18.517681617135143,0.31747894911956476,0.0,0.0,0.0,0.0,0.004,0.0,0.0,0.0
0.0,included,0.15,0.0,0.5,1.0,robustness_gate,1000,16.001815073922998,2.8333454923317087,13.173829417455254,0.0,0.0,0.0,0.211,0.789,0.017,0.0
0.0,included,0.15,0.0,0.5,0.4,oracle_expected,1000,18.522518136263585,0.0,0.0,0.0,0.0,0.0,0.0,0.0,0.0,0.0
0.0,included,0.15,0.0,0.5,0.4,baseline,1000,0.0,18.522518136263585,27.23694377339265,0.0,0.0,0.0,1.0,0.0,0.0,0.0
0.0,included,0.15,0.0,0.5,0.4,declared_raw,1000,18.008330649569302,0.5141874866942836,0.021505321625098155,0.0,0.0,0.0,0.015,0.0,0.0,0.0
0.0,included,0.15,0.0,0.5,0.4,confidence_shrink,1000,18.355836221141374,0.1666819151222114,0.0,0.002,0.0,0.0,0.0,0.0,0.0,0.0
0.0,included,0.15,0.0,0.5,0.4,minimax_regret,1000,18.007281563207833,0.5152365730557491,0.20376373804503084,0.0,0.0,0.0,0.015,0.0,0.0,0.0
0.0,included,0.15,0.0,0.5,0.4,robustness_gate,1000,17.466387163384653,1.0561309728789308,2.5865355230900042,0.001,0.0,0.0,0.093,0.907,0.025,0.001
0.0,included,0.15,15.0,0.0,1.0,oracle_expected,1000,18.303995511043034,0.0,0.0,0.0,0.0,0.0,0.0,0.0,0.0,0.0
0.0,included,0.15,15.0,0.0,1.0,baseline,1000,0.0,18.303995511043034,26.949777683839045,0.0,0.0,0.0,1.0,0.0,0.0,0.0
0.0,included,0.15,15.0,0.0,1.0,declared_raw,1000,17.320223361945793,0.9837721490972421,3.4714830087306083,0.001,0.0,0.0,0.019,0.0,0.0,0.0
0.0,included,0.15,15.0,0.0,1.0,confidence_shrink,1000,17.320223361945793,0.9837721490972421,3.4714830087306083,0.001,0.0,0.0,0.019,0.0,0.0,0.0
0.0,included,0.15,15.0,0.0,1.0,minimax_regret,1000,17.345637541745432,0.9583579692976014,3.385908570573618,0.001,0.0,0.0,0.018,0.0,0.0,0.0
0.0,included,0.15,15.0,0.0,1.0,robustness_gate,1000,14.274528080443616,4.029467430599417,15.810140307175503,0.001,0.0,0.0,0.237,0.763,0.082,0.001
0.0,included,0.15,15.0,0.0,0.4,oracle_expected,1000,18.772247760914023,0.0,0.0,0.0,0.0,0.0,0.0,0.0,0.0,0.0
0.0,included,0.15,15.0,0.0,0.4,baseline,1000,0.0,18.772247760914023,27.82143151639899,0.0,0.0,0.0,1.0,0.0,0.0,0.0
0.0,included,0.15,15.0,0.0,0.4,declared_raw,1000,17.632638351436977,1.1396094094770468,4.940022816432698,0.0,0.0,0.0,0.017,0.0,0.0,0.0
0.0,included,0.15,15.0,0.0,0.4,confidence_shrink,1000,18.180292385870768,0.5919553750432561,1.8003929761531767,0.0,0.0,0.0,0.002,0.0,0.0,0.0
0.0,included,0.15,15.0,0.0,0.4,minimax_regret,1000,17.630267933456647,1.1419798274573782,4.940743491068758,0.0,0.0,0.0,0.016,0.0,0.0,0.0
0.0,included,0.15,15.0,0.0,0.4,robustness_gate,1000,16.3106720655791,2.461575695334923,12.03053210776844,0.0,0.0,0.0,0.152,0.848,0.066,0.0
0.0,included,0.15,15.0,0.5,1.0,oracle_expected,1000,18.5883562390151,0.0,0.0,0.0,0.0,0.0,0.0,0.0,0.0,0.0
0.0,included,0.15,15.0,0.5,1.0,baseline,1000,0.0,18.5883562390151,27.16670680166412,0.0,0.0,0.0,1.0,0.0,0.0,0.0
0.0,included,0.15,15.0,0.5,1.0,declared_raw,1000,16.772589239938917,1.8157669990761807,7.70035782400904,0.0,0.0,0.0,0.052,0.0,0.0,0.0
0.0,included,0.15,15.0,0.5,1.0,confidence_shrink,1000,16.772589239938917,1.8157669990761807,7.70035782400904,0.0,0.0,0.0,0.052,0.0,0.0,0.0
0.0,included,0.15,15.0,0.5,1.0,minimax_regret,1000,16.771322178088003,1.8170340609270972,7.690605936557711,0.0,0.0,0.0,0.051,0.0,0.0,0.0
0.0,included,0.15,15.0,0.5,1.0,robustness_gate,1000,13.4884401804556,5.099916058559497,18.184371910250732,0.0,0.0,0.0,0.275,0.725,0.117,0.0
0.0,included,0.15,15.0,0.5,0.4,oracle_expected,1000,18.831781143371792,0.0,0.0,0.0,0.0,0.0,0.0,0.0,0.0,0.0
0.0,included,0.15,15.0,0.5,0.4,baseline,1000,0.0,18.831781143371792,27.88980455804167,0.0,0.0,0.0,1.0,0.0,0.0,0.0
0.0,included,0.15,15.0,0.5,0.4,declared_raw,1000,17.039675722283647,1.792105421088145,8.195429674869985,0.0,0.0,0.0,0.041,0.0,0.0,0.0
0.0,included,0.15,15.0,0.5,0.4,confidence_shrink,1000,17.846733654401604,0.9850474889701858,2.7413288794483655,0.0,0.0,0.0,0.019,0.0,0.0,0.0
0.0,included,0.15,15.0,0.5,0.4,minimax_regret,1000,17.02421522693411,1.8075659164376807,8.195429674869985,0.0,0.0,0.0,0.04,0.0,0.0,0.0
0.0,included,0.15,15.0,0.5,0.4,robustness_gate,1000,15.920344531446895,2.911436611924896,13.750768443535828,0.0,0.0,0.0,0.17,0.83,0.073,0.0
0.0,omitted,0.0,0.0,0.0,1.0,oracle_expected,1000,18.830993508921505,0.0,0.0,0.0,0.0,0.0,0.0,0.0,0.0,0.0
0.0,omitted,0.0,0.0,0.0,1.0,baseline,1000,0.0,18.830993508921505,27.213446790233355,0.0,0.0,0.0,1.0,0.0,0.0,0.0
0.0,omitted,0.0,0.0,0.0,1.0,declared_raw,1000,18.830993508921505,0.0,0.0,0.0,0.0,0.0,0.0,0.0,0.0,0.0
0.0,omitted,0.0,0.0,0.0,1.0,confidence_shrink,1000,18.830993508921505,0.0,0.0,0.0,0.0,0.0,0.0,0.0,0.0,0.0
0.0,omitted,0.0,0.0,0.0,1.0,minimax_regret,1000,18.830765876972837,0.00022763194866949556,0.0,0.0,0.0,0.0,0.0,0.0,0.0,0.0
0.0,omitted,0.0,0.0,0.0,1.0,robustness_gate,1000,17.08900678365368,1.7419867252678267,9.681933768508745,0.0,0.0,0.0,0.165,0.835,0.0,0.0
0.0,omitted,0.0,0.0,0.0,0.4,oracle_expected,1000,18.583559600735665,0.0,0.0,0.0,0.0,0.0,0.0,0.0,0.0,0.0
0.0,omitted,0.0,0.0,0.0,0.4,baseline,1000,0.0,18.583559600735665,27.3572224135973,0.0,0.0,0.0,1.0,0.0,0.0,0.0
0.0,omitted,0.0,0.0,0.0,0.4,declared_raw,1000,18.583559600735665,0.0,0.0,0.0,0.0,0.0,0.0,0.0,0.0,0.0
0.0,omitted,0.0,0.0,0.0,0.4,confidence_shrink,1000,18.46825360200643,0.11530599872923461,0.0,0.0,0.0,0.0,0.0,0.0,0.0,0.0
0.0,omitted,0.0,0.0,0.0,0.4,minimax_regret,1000,18.583559600735665,0.0,0.0,0.0,0.0,0.0,0.0,0.0,0.0,0.0
0.0,omitted,0.0,0.0,0.0,0.4,robustness_gate,1000,18.110235680439988,0.47332392029567544,0.0,0.0,0.0,0.0,0.046,0.954,0.029,0.0
0.0,omitted,0.0,0.0,0.5,1.0,oracle_expected,1000,18.592810159554936,0.0,0.0,0.0,0.0,0.0,0.0,0.0,0.0,0.0
0.0,omitted,0.0,0.0,0.5,1.0,baseline,1000,0.0,18.592810159554936,27.362493765431836,0.0,0.0,0.0,1.0,0.0,0.0,0.0
0.0,omitted,0.0,0.0,0.5,1.0,declared_raw,1000,18.129488005658484,0.4633221538964526,0.0,0.0,0.0,0.0,0.012,0.0,0.0,0.0
0.0,omitted,0.0,0.0,0.5,1.0,confidence_shrink,1000,18.129488005658484,0.4633221538964526,0.0,0.0,0.0,0.0,0.012,0.0,0.0,0.0
0.0,omitted,0.0,0.0,0.5,1.0,minimax_regret,1000,18.147126911186824,0.4456832483681125,0.028889972383166224,0.0,0.0,0.0,0.009,0.0,0.0,0.0
0.0,omitted,0.0,0.0,0.5,1.0,robustness_gate,1000,15.586119045418389,3.0066911141365487,12.750593810320856,0.0,0.0,0.0,0.235,0.765,0.013,0.0
0.0,omitted,0.0,0.0,0.5,0.4,oracle_expected,1000,18.886360994996473,0.0,0.0,0.0,0.0,0.0,0.0,0.0,0.0,0.0
0.0,omitted,0.0,0.0,0.5,0.4,baseline,1000,0.0,18.886360994996473,27.288448288946004,0.0,0.0,0.0,1.0,0.0,0.0,0.0
0.0,omitted,0.0,0.0,0.5,0.4,declared_raw,1000,18.603864563094636,0.2824964319018371,0.0,0.0,0.0,0.0,0.004,0.0,0.0,0.0
0.0,omitted,0.0,0.0,0.5,0.4,confidence_shrink,1000,18.75965449879546,0.12670649620101215,0.0,0.001,0.0,0.0,0.0,0.0,0.0,0.0
0.0,omitted,0.0,0.0,0.5,0.4,minimax_regret,1000,18.619654702702373,0.26670629229409965,0.0,0.0,0.0,0.0,0.004,0.0,0.0,0.0
0.0,omitted,0.0,0.0,0.5,0.4,robustness_gate,1000,18.09510350498433,0.7912574900121436,0.0,0.0,0.0,0.0,0.074,0.926,0.021,0.0
0.0,omitted,0.0,15.0,0.0,1.0,oracle_expected,1000,18.56178036610138,0.0,0.0,0.0,0.0,0.0,0.0,0.0,0.0,0.0
0.0,omitted,0.0,15.0,0.0,1.0,baseline,1000,0.0,18.56178036610138,27.51572918753407,0.0,0.0,0.0,1.0,0.0,0.0,0.0
0.0,omitted,0.0,15.0,0.0,1.0,declared_raw,1000,17.306102378435003,1.25567798766638,5.256420156514935,0.0,0.0,0.0,0.023,0.0,0.0,0.0
0.0,omitted,0.0,15.0,0.0,1.0,confidence_shrink,1000,17.306102378435003,1.25567798766638,5.256420156514935,0.0,0.0,0.0,0.023,0.0,0.0,0.0
0.0,omitted,0.0,15.0,0.0,1.0,minimax_regret,1000,17.319037551286907,1.242742814814476,5.041117649290555,0.0,0.0,0.0,0.021,0.0,0.0,0.0
0.0,omitted,0.0,15.0,0.0,1.0,robustness_gate,1000,14.414961560411024,4.146818805690359,15.679837529569355,0.0,0.0,0.0,0.242,0.758,0.097,0.0
0.0,omitted,0.0,15.0,0.0,0.4,oracle_expected,1000,18.69505922262041,0.0,0.0,0.0,0.0,0.0,0.0,0.0,0.0,0.0
0.0,omitted,0.0,15.0,0.0,0.4,baseline,1000,0.0,18.69505922262041,27.455071196164724,0.0,0.0,0.0,1.0,0.0,0.0,0.0
0.0,omitted,0.0,15.0,0.0,0.4,declared_raw,1000,17.661010893588237,1.034048329032172,4.149384714611237,0.0,0.0,0.0,0.019,0.0,0.0,0.0
0.0,omitted,0.0,15.0,0.0,0.4,confidence_shrink,1000,18.174629730368842,0.5204294922515699,0.8698205531755019,0.0,0.0,0.0,0.007,0.0,0.0,0.0
0.0,omitted,0.0,15.0,0.0,0.4,minimax_regret,1000,17.690778579746343,1.0042806428740634,4.0443084090674795,0.0,0.0,0.0,0.017,0.0,0.0,0.0
0.0,omitted,0.0,15.0,0.0,0.4,robustness_gate,1000,16.4027768095935,2.2922824130269044,10.97544585265506,0.0,0.0,0.0,0.147,0.853,0.06,0.0
0.0,omitted,0.0,15.0,0.5,1.0,oracle_expected,1000,18.952917530976677,0.0,0.0,0.0,0.0,0.0,0.0,0.0,0.0,0.0
0.0,omitted,0.0,15.0,0.5,1.0,baseline,1000,0.0,18.952917530976677,27.53183582335593,0.0,0.0,0.0,1.0,0.0,0.0,0.0
0.0,omitted,0.0,15.0,0.5,1.0,declared_raw,1000,16.998576284990417,1.9543412459862592,8.287215715122526,0.0,0.0,0.0,0.048,0.0,0.0,0.0
0.0,omitted,0.0,15.0,0.5,1.0,confidence_shrink,1000,16.998576284990417,1.9543412459862592,8.287215715122526,0.0,0.0,0.0,0.048,0.0,0.0,0.0
0.0,omitted,0.0,15.0,0.5,1.0,minimax_regret,1000,16.98108752049695,1.971830010479724,8.535587608669303,0.0,0.0,0.0,0.048,0.0,0.0,0.0
0.0,omitted,0.0,15.0,0.5,1.0,robustness_gate,1000,14.188084483465692,4.764833047510982,17.216095555073522,0.0,0.0,0.0,0.251,0.749,0.114,0.0
0.0,omitted,0.0,15.0,0.5,0.4,oracle_expected,1000,18.34029674123821,0.0,0.0,0.0,0.0,0.0,0.0,0.0,0.0,0.0
0.0,omitted,0.0,15.0,0.5,0.4,baseline,1000,0.0,18.34029674123821,26.66532025874838,0.0,0.0,0.0,1.0,0.0,0.0,0.0
0.0,omitted,0.0,15.0,0.5,0.4,declared_raw,1000,16.424904587339167,1.9153921538990442,8.634517717749382,0.0,0.0,0.0,0.051,0.0,0.0,0.0
0.0,omitted,0.0,15.0,0.5,0.4,confidence_shrink,1000,17.387172157751145,0.9531245834870642,2.8390156521832877,0.0,0.0,0.0,0.018,0.0,0.0,0.0
0.0,omitted,0.0,15.0,0.5,0.4,minimax_regret,1000,16.407193167351103,1.9331035738871059,8.705480511073548,0.0,0.0,0.0,0.053,0.0,0.0,0.0
0.0,omitted,0.0,15.0,0.5,0.4,robustness_gate,1000,14.820575658048199,3.519721083190009,15.124558711048536,0.0,0.0,0.0,0.21,0.79,0.071,0.0
0.0,omitted,0.15,0.0,0.0,1.0,oracle_expected,1000,18.652986113529494,0.0,0.0,0.0,0.0,0.0,0.0,0.0,0.0,0.0
0.0,omitted,0.15,0.0,0.0,1.0,baseline,1000,0.0,18.652986113529494,27.478289754263574,0.0,0.0,0.0,1.0,0.0,0.0,0.0
0.0,omitted,0.15,0.0,0.0,1.0,declared_raw,1000,18.59517076751925,0.05781534601024333,0.0,0.0,0.0,0.0,0.0,0.0,0.0,0.0
0.0,omitted,0.15,0.0,0.0,1.0,confidence_shrink,1000,18.59517076751925,0.05781534601024333,0.0,0.0,0.0,0.0,0.0,0.0,0.0,0.0
0.0,omitted,0.15,0.0,0.0,1.0,minimax_regret,1000,18.59834605942308,0.054640054106414516,0.0,0.0,0.0,0.0,0.0,0.0,0.0,0.0
0.0,omitted,0.15,0.0,0.0,1.0,robustness_gate,1000,16.60146258275125,2.0515235307782427,10.714673866622098,0.0,0.0,0.0,0.185,0.815,0.003,0.0
0.0,omitted,0.15,0.0,0.0,0.4,oracle_expected,1000,18.667810854008454,0.0,0.0,0.0,0.0,0.0,0.0,0.0,0.0,0.0
0.0,omitted,0.15,0.0,0.0,0.4,baseline,1000,0.0,18.667810854008454,26.955276583250004,0.0,0.0,0.0,1.0,0.0,0.0,0.0
0.0,omitted,0.15,0.0,0.0,0.4,declared_raw,1000,18.62291715774872,0.04489369625973176,0.0,0.0,0.0,0.0,0.0,0.0,0.0,0.0
0.0,omitted,0.15,0.0,0.0,0.4,confidence_shrink,1000,18.53914881770471,0.1286620363037434,0.0,0.0,0.0,0.0,0.0,0.0,0.0,0.0
0.0,omitted,0.15,0.0,0.0,0.4,minimax_regret,1000,18.6319479277825,0.035862926225950005,0.0,0.0,0.0,0.0,0.0,0.0,0.0,0.0
0.0,omitted,0.15,0.0,0.0,0.4,robustness_gate,1000,18.15639940150625,0.5114114525022025,0.0,0.0,0.0,0.0,0.048,0.952,0.038,0.0
0.0,omitted,0.15,0.0,0.5,1.0,oracle_expected,1000,18.756604509087467,0.0,0.0,0.0,0.0,0.0,0.0,0.0,0.0,0.0
0.0,omitted,0.15,0.0,0.5,1.0,baseline,1000,0.0,18.756604509087467,27.939395603434026,0.0,0.0,0.0,1.0,0.0,0.0,0.0
0.0,omitted,0.15,0.0,0.5,1.0,declared_raw,1000,18.448922851830343,0.3076816572571204,0.0,0.0,0.0,0.0,0.007,0.0,0.0,0.0
0.0,omitted,0.15,0.0,0.5,1.0,confidence_shrink,1000,18.448922851830343,0.3076816572571204,0.0,0.0,0.0,0.0,0.007,0.0,0.0,0.0
0.0,omitted,0.15,0.0,0.5,1.0,minimax_regret,1000,18.444299376039634,0.31230513304782953,0.0,0.0,0.0,0.0,0.007,0.0,0.0,0.0
0.0,omitted,0.15,0.0,0.5,1.0,robustness_gate,1000,16.018020490303726,2.738584018783738,12.358720818222537,0.0,0.0,0.0,0.211,0.789,0.012,0.0
0.0,omitted,0.15,0.0,0.5,0.4,oracle_expected,1000,18.769894117505643,0.0,0.0,0.0,0.0,0.0,0.0,0.0,0.0,0.0
0.0,omitted,0.15,0.0,0.5,0.4,baseline,1000,0.0,18.769894117505643,27.023762629857398,0.0,0.0,0.0,1.0,0.0,0.0,0.0
0.0,omitted,0.15,0.0,0.5,0.4,declared_raw,1000,18.362198617013576,0.4076955004920665,0.0,0.0,0.0,0.0,0.011,0.0,0.0,0.0
0.0,omitted,0.15,0.0,0.5,0.4,confidence_shrink,1000,18.60767199788451,0.16222211962113217,0.0,0.0,0.0,0.0,0.0,0.0,0.0,0.0
0.0,omitted,0.15,0.0,0.5,0.4,minimax_regret,1000,18.359830980533346,0.4100631369722948,0.0,0.0,0.0,0.0,0.011,0.0,0.0,0.0
0.0,omitted,0.15,0.0,0.5,0.4,robustness_gate,1000,17.74318840173919,1.0267057157664525,1.7416819612060879,0.0,0.0,0.0,0.085,0.915,0.029,0.0
0.0,omitted,0.15,15.0,0.0,1.0,oracle_expected,1000,18.548545670599232,0.0,0.0,0.0,0.0,0.0,0.0,0.0,0.0,0.0
0.0,omitted,0.15,15.0,0.0,1.0,baseline,1000,0.0,18.548545670599232,26.800160462341765,0.0,0.0,0.0,1.0,0.0,0.0,0.0
0.0,omitted,0.15,15.0,0.0,1.0,declared_raw,1000,17.51284881027829,1.0356968603209449,3.6201722767973106,0.001,0.0,0.0,0.027,0.0,0.0,0.0
0.0,omitted,0.15,15.0,0.0,1.0,confidence_shrink,1000,17.51284881027829,1.0356968603209449,3.6201722767973106,0.001,0.0,0.0,0.027,0.0,0.0,0.0
0.0,omitted,0.15,15.0,0.0,1.0,minimax_regret,1000,17.511102199002273,1.0374434715969596,3.769450806212929,0.001,0.0,0.0,0.028,0.0,0.0,0.0
0.0,omitted,0.15,15.0,0.0,1.0,robustness_gate,1000,14.602599250465412,3.9459464201338217,15.681761733501292,0.0,0.0,0.0,0.244,0.756,0.068,0.0
0.0,omitted,0.15,15.0,0.0,0.4,oracle_expected,1000,18.765849421501947,0.0,0.0,0.0,0.0,0.0,0.0,0.0,0.0,0.0
0.0,omitted,0.15,15.0,0.0,0.4,baseline,1000,0.0,18.765849421501947,27.35225439753246,0.0,0.0,0.0,1.0,0.0,0.0,0.0
0.0,omitted,0.15,15.0,0.0,0.4,declared_raw,1000,17.705151210841336,1.06069821066061,3.838649680303239,0.001,0.0,0.0,0.026,0.0,0.0,0.0
0.0,omitted,0.15,15.0,0.0,0.4,confidence_shrink,1000,18.213824261402035,0.5520251600999139,1.2358480062136237,0.001,0.0,0.0,0.011,0.0,0.0,0.0
0.0,omitted,0.15,15.0,0.0,0.4,minimax_regret,1000,17.691159180924405,1.0746902405775436,3.9338999336873344,0.001,0.0,0.0,0.027,0.0,0.0,0.0
0.0,omitted,0.15,15.0,0.0,0.4,robustness_gate,1000,16.406919525610554,2.3589298958913933,10.527563136333349,0.001,0.0,0.0,0.158,0.842,0.063,0.001
0.0,omitted,0.15,15.0,0.5,1.0,oracle_expected,1000,18.795690902783875,0.0,0.0,0.0,0.0,0.0,0.0,0.0,0.0,0.0
0.0,omitted,0.15,15.0,0.5,1.0,baseline,1000,0.0,18.795690902783875,27.540671506170945,0.0,0.0,0.0,1.0,0.0,0.0,0.0
0.0,omitted,0.15,15.0,0.5,1.0,declared_raw,1000,17.149178426229806,1.6465124765540669,7.238806168294896,0.0,0.0,0.0,0.034,0.0,0.0,0.0
0.0,omitted,0.15,15.0,0.5,1.0,confidence_shrink,1000,17.149178426229806,1.6465124765540669,7.238806168294896,0.0,0.0,0.0,0.034,0.0,0.0,0.0
0.0,omitted,0.15,15.0,0.5,1.0,minimax_regret,1000,17.084190417766404,1.7115004850174709,7.484939252431861,0.0,0.0,0.0,0.037,0.0,0.0,0.0
0.0,omitted,0.15,15.0,0.5,1.0,robustness_gate,1000,14.51837585630207,4.277315046481804,16.317689282309125,0.0,0.0,0.0,0.231,0.769,0.126,0.0
0.0,omitted,0.15,15.0,0.5,0.4,oracle_expected,1000,18.603875311963446,0.0,0.0,0.0,0.0,0.0,0.0,0.0,0.0,0.0
0.0,omitted,0.15,15.0,0.5,0.4,baseline,1000,0.0,18.603875311963446,27.226391089387988,0.0,0.0,0.0,1.0,0.0,0.0,0.0
0.0,omitted,0.15,15.0,0.5,0.4,declared_raw,1000,16.78979355875497,1.8140817532084745,7.404779787856464,0.001,0.0,0.0,0.045,0.0,0.0,0.0
0.0,omitted,0.15,15.0,0.5,0.4,confidence_shrink,1000,17.65487392164617,0.9490013903172725,3.1705062670742556,0.001,0.0,0.0,0.021,0.0,0.0,0.0
0.0,omitted,0.15,15.0,0.5,0.4,minimax_regret,1000,16.817547696560013,1.7863276154034307,7.322259024577608,0.001,0.0,0.0,0.041,0.0,0.0,0.0
0.0,omitted,0.15,15.0,0.5,0.4,robustness_gate,1000,15.593299311755892,3.010576000207552,13.670325179093544,0.0,0.0,0.0,0.176,0.824,0.085,0.0
0.02,included,0.0,0.0,0.0,1.0,oracle_expected,1000,16.96938584797313,0.0,0.0,0.0,0.01788,0.0,0.0,0.0,0.0,0.0
0.02,included,0.0,0.0,0.0,1.0,baseline,1000,0.0,16.96938584797313,25.210465049163147,0.0,0.0,0.0,1.0,0.0,0.0,0.0
0.02,included,0.0,0.0,0.0,1.0,declared_raw,1000,16.96938584797313,0.0,0.0,0.0,0.01788,0.0,0.0,0.0,0.0,0.0
0.02,included,0.0,0.0,0.0,1.0,confidence_shrink,1000,16.96938584797313,0.0,0.0,0.0,0.01788,0.0,0.0,0.0,0.0,0.0
0.02,included,0.0,0.0,0.0,1.0,minimax_regret,1000,16.969163668576037,0.00022217939708731117,0.0,0.0,0.017920000000000002,0.0,0.0,0.0,0.0,0.0
0.02,included,0.0,0.0,0.0,1.0,robustness_gate,1000,14.675086496532959,2.294299351440169,10.335308880060085,0.0,0.0148,0.0,0.234,0.766,0.0,0.0
0.02,included,0.0,0.0,0.0,0.4,oracle_expected,1000,17.132639916061947,0.0,0.0,0.0,0.0182,0.0,0.0,0.0,0.0,0.0
0.02,included,0.0,0.0,0.0,0.4,baseline,1000,0.0,17.132639916061947,25.51599463066531,0.0,0.0,0.0,1.0,0.0,0.0,0.0
0.02,included,0.0,0.0,0.0,0.4,declared_raw,1000,17.132639916061947,0.0,0.0,0.0,0.0182,0.0,0.0,0.0,0.0,0.0
0.02,included,0.0,0.0,0.0,0.4,confidence_shrink,1000,16.977361123714473,0.15527879234747535,0.0,0.0,0.019719999999999998,0.0,0.0,0.0,0.0,0.0
0.02,included,0.0,0.0,0.0,0.4,minimax_regret,1000,17.13224147855778,0.00039843750416703296,0.0,0.0,0.01822,0.0,0.0,0.0,0.0,0.0
0.02,included,0.0,0.0,0.0,0.4,robustness_gate,1000,16.62438752218269,0.5082523938792599,0.0,0.0,0.018900000000000004,0.0,0.053,0.947,0.036,0.0
0.02,included,0.0,0.0,0.5,1.0,oracle_expected,1000,16.964307988734443,0.0,0.0,0.0,0.018359999999999998,0.0,0.0,0.0,0.0,0.0
0.02,included,0.0,0.0,0.5,1.0,baseline,1000,0.0,16.964307988734443,25.002880817967686,0.0,0.0,0.0,1.0,0.0,0.0,0.0
0.02,included,0.0,0.0,0.5,1.0,declared_raw,1000,16.602056499835538,0.3622514888989076,0.0,0.001,0.01734,0.0,0.009,0.0,0.0,0.0
0.02,included,0.0,0.0,0.5,1.0,confidence_shrink,1000,16.602056499835538,0.3622514888989076,0.0,0.001,0.01734,0.0,0.009,0.0,0.0,0.0
0.02,included,0.0,0.0,0.5,1.0,minimax_regret,1000,16.601242094444284,0.3630658942901574,0.0,0.001,0.01734,0.0,0.008,0.0,0.0,0.0
0.02,included,0.0,0.0,0.5,1.0,robustness_gate,1000,13.742359172058553,3.2219488166758916,13.122731108331708,0.0,0.01418,0.0,0.259,0.741,0.013,0.0
0.02,included,0.0,0.0,0.5,0.4,oracle_expected,1000,16.765141594941543,0.0,0.0,0.0,0.01788,0.0,0.0,0.0,0.0,0.0
0.02,included,0.0,0.0,0.5,0.4,baseline,1000,0.0,16.765141594941543,25.096475907897492,0.0,0.0,0.0,1.0,0.0,0.0,0.0
0.02,included,0.0,0.0,0.5,0.4,declared_raw,1000,16.38486094227997,0.38028065266157013,0.0,0.0,0.016800000000000002,0.0,0.011,0.0,0.0,0.0
0.02,included,0.0,0.0,0.5,0.4,confidence_shrink,1000,16.550011564289008,0.21513003065253455,0.0,0.001,0.01952,0.0,0.002,0.0,0.0,0.0
0.02,included,0.0,0.0,0.5,0.4,minimax_regret,1000,16.41067198806736,0.35446960687418516,0.0,0.0,0.0169,0.0,0.009,0.0,0.0,0.0
0.02,included,0.0,0.0,0.5,0.4,robustness_gate,1000,15.944299247530783,0.820842347410761,1.3031749351801247,0.0,0.018260000000000002,0.0,0.083,0.917,0.037,0.0
0.02,included,0.0,15.0,0.0,1.0,oracle_expected,1000,16.443347402141704,0.0,0.0,0.0,0.01766,0.0,0.0,0.0,0.0,0.0
0.02,included,0.0,15.0,0.0,1.0,baseline,1000,0.0,16.443347402141704,25.73515517774016,0.0,0.0,0.0,1.0,0.0,0.0,0.0
0.02,included,0.0,15.0,0.0,1.0,declared_raw,1000,15.361468698287645,1.081878703854058,5.069680930231355,0.002,0.015099999999999999,0.0,0.022,0.0,0.0,0.0
0.02,included,0.0,15.0,0.0,1.0,confidence_shrink,1000,15.361468698287645,1.081878703854058,5.069680930231355,0.002,0.015099999999999999,0.0,0.022,0.0,0.0,0.0
0.02,included,0.0,15.0,0.0,1.0,minimax_regret,1000,15.358041855756152,1.08530554638555,4.870566133525174,0.002,0.01508,0.0,0.021,0.0,0.0,0.0
0.02,included,0.0,15.0,0.0,1.0,robustness_gate,1000,12.583211040574415,3.860136361567286,13.927230725306421,0.001,0.01196,0.0,0.258,0.742,0.102,0.001
0.02,included,0.0,15.0,0.0,0.4,oracle_expected,1000,16.77657341520664,0.0,0.0,0.0,0.0177,0.0,0.0,0.0,0.0,0.0
0.02,included,0.0,15.0,0.0,0.4,baseline,1000,0.0,16.77657341520664,25.171893401779627,0.0,0.0,0.0,1.0,0.0,0.0,0.0
0.02,included,0.0,15.0,0.0,0.4,declared_raw,1000,15.739763739910071,1.0368096752965699,4.468888693818211,0.0,0.015519999999999999,0.0,0.025,0.0,0.0,0.0
0.02,included,0.0,15.0,0.0,0.4,confidence_shrink,1000,16.166817849091714,0.6097555661149282,1.9356732554464395,0.002,0.0176,0.0,0.009,0.0,0.0,0.0
0.02,included,0.0,15.0,0.0,0.4,minimax_regret,1000,15.72421114843425,1.0523622667723909,4.519971387401787,0.0,0.015439999999999999,0.0,0.025,0.0,0.0,0.0
0.02,included,0.0,15.0,0.0,0.4,robustness_gate,1000,14.616736848769301,2.159836566437339,9.368075945375155,0.001,0.01562,0.0,0.149,0.851,0.086,0.001
0.02,included,0.0,15.0,0.5,1.0,oracle_expected,1000,16.677909378640788,0.0,0.0,0.0,0.01798,0.0,0.0,0.0,0.0,0.0
0.02,included,0.0,15.0,0.5,1.0,baseline,1000,0.0,16.677909378640788,25.269523351172776,0.0,0.0,0.0,1.0,0.0,0.0,0.0
0.02,included,0.0,15.0,0.5,1.0,declared_raw,1000,14.527843052925496,2.1500663257152914,8.842133279477014,0.0,0.014,0.0,0.072,0.0,0.0,0.0
0.02,included,0.0,15.0,0.5,1.0,confidence_shrink,1000,14.527843052925496,2.1500663257152914,8.842133279477014,0.0,0.014,0.0,0.072,0.0,0.0,0.0
0.02,included,0.0,15.0,0.5,1.0,minimax_regret,1000,14.488914282116285,2.1889950965245,9.006314174503935,0.0,0.01396,0.0,0.073,0.0,0.0,0.0
0.02,included,0.0,15.0,0.5,1.0,robustness_gate,1000,11.698167562173142,4.979741816467645,15.843570456200741,0.0,0.011179999999999999,0.0,0.307,0.693,0.11,0.0
0.02,included,0.0,15.0,0.5,0.4,oracle_expected,1000,16.72229773439815,0.0,0.0,0.0,0.018,0.0,0.0,0.0,0.0,0.0
0.02,included,0.0,15.0,0.5,0.4,baseline,1000,0.0,16.72229773439815,24.753795350899445,0.0,0.0,0.0,1.0,0.0,0.0,0.0
0.02,included,0.0,15.0,0.5,0.4,declared_raw,1000,14.87264848674249,1.849649247655661,8.124799906835067,0.001,0.01404,0.0,0.067,0.0,0.0,0.0
0.02,included,0.0,15.0,0.5,0.4,confidence_shrink,1000,15.737854021468156,0.9844437129299949,3.9296382843165194,0.003,0.01654,0.0,0.02,0.0,0.0,0.0
0.02,included,0.0,15.0,0.5,0.4,minimax_regret,1000,14.868161387791522,1.8541363466066287,8.134255531304968,0.001,0.014060000000000001,0.0,0.066,0.0,0.0,0.0
0.02,included,0.0,15.0,0.5,0.4,robustness_gate,1000,13.629656718219604,3.0926410161785483,12.867639082398117,0.003,0.01426,0.0,0.209,0.791,0.078,0.003
0.02,included,0.15,0.0,0.0,1.0,oracle_expected,1000,16.962663164660086,0.0,0.0,0.0,0.018359999999999998,0.0,0.0,0.0,0.0,0.0
0.02,included,0.15,0.0,0.0,1.0,baseline,1000,0.0,16.962663164660086,25.31902113050616,0.0,0.0,0.0,1.0,0.0,0.0,0.0
0.02,included,0.15,0.0,0.0,1.0,declared_raw,1000,16.901393846245014,0.06126931841507272,0.0,0.0,0.0182,0.0,0.0,0.0,0.0,0.0
0.02,included,0.15,0.0,0.0,1.0,confidence_shrink,1000,16.901393846245014,0.06126931841507272,0.0,0.0,0.0182,0.0,0.0,0.0,0.0,0.0
0.02,included,0.15,0.0,0.0,1.0,minimax_regret,1000,16.90454364459863,0.058119520061454086,0.0,0.0,0.018240000000000003,0.0,0.0,0.0,0.0,0.0
0.02,included,0.15,0.0,0.0,1.0,robustness_gate,1000,14.681407627917281,2.2812555367428056,10.782033328093208,0.0,0.01516,0.0,0.217,0.783,0.001,0.0
0.02,included,0.15,0.0,0.0,0.4,oracle_expected,1000,16.899653261617665,0.0,0.0,0.0,0.01778,0.0,0.0,0.0,0.0,0.0
0.02,included,0.15,0.0,0.0,0.4,baseline,1000,0.0,16.899653261617665,25.33459862900903,0.0,0.0,0.0,1.0,0.0,0.0,0.0
0.02,included,0.15,0.0,0.0,0.4,declared_raw,1000,16.872028277455136,0.02762498416252941,0.0,0.0,0.0177,0.0,0.0,0.0,0.0,0.0
0.02,included,0.15,0.0,0.0,0.4,confidence_shrink,1000,16.708895361919424,0.19075789969824197,0.0,0.002,0.019620000000000002,0.0,0.0,0.0,0.0,0.0
0.02,included,0.15,0.0,0.0,0.4,minimax_regret,1000,16.873042190864936,0.026611070752728998,0.0,0.0,0.017740000000000002,0.0,0.0,0.0,0.0,0.0
0.02,included,0.15,0.0,0.0,0.4,robustness_gate,1000,16.238129587067107,0.6615236745505583,0.6818019907818293,0.0,0.018600000000000002,0.0,0.067,0.933,0.048,0.0
0.02,included,0.15,0.0,0.5,1.0,oracle_expected,1000,16.798205121475373,0.0,0.0,0.0,0.01764,0.0,0.0,0.0,0.0,0.0
0.02,included,0.15,0.0,0.5,1.0,baseline,1000,0.0,16.798205121475373,25.46678803257023,0.0,0.0,0.0,1.0,0.0,0.0,0.0
0.02,included,0.15,0.0,0.5,1.0,declared_raw,1000,16.34701702009993,0.4511881013754464,0.6690635180961637,0.0,0.01672,0.0,0.017,0.0,0.0,0.0
0.02,included,0.15,0.0,0.5,1.0,confidence_shrink,1000,16.34701702009993,0.4511881013754464,0.6690635180961637,0.0,0.01672,0.0,0.017,0.0,0.0,0.0
0.02,included,0.15,0.0,0.5,1.0,minimax_regret,1000,16.379156042946878,0.4190490785284984,0.4853541919668232,0.0,0.01676,0.0,0.013,0.0,0.0,0.0
0.02,included,0.15,0.0,0.5,1.0,robustness_gate,1000,13.50028442181354,3.297920699661835,12.953069605644663,0.0,0.013640000000000001,0.0,0.271,0.729,0.016,0.0
0.02,included,0.15,0.0,0.5,0.4,oracle_expected,1000,16.555194934276777,0.0,0.0,0.0,0.01796,0.0,0.0,0.0,0.0,0.0
0.02,included,0.15,0.0,0.5,0.4,baseline,1000,0.0,16.555194934276777,24.769685078316773,0.0,0.0,0.0,1.0,0.0,0.0,0.0
0.02,included,0.15,0.0,0.5,0.4,declared_raw,1000,15.975966197313566,0.5792287369632089,0.9341458640215351,0.0,0.01682,0.0,0.022,0.0,0.0,0.0
0.02,included,0.15,0.0,0.5,0.4,confidence_shrink,1000,16.40107641184526,0.15411852243151475,0.0,0.0,0.0195,0.0,0.0,0.0,0.0,0.0
0.02,included,0.15,0.0,0.5,0.4,minimax_regret,1000,15.992633517950036,0.5625614163267401,0.8519176215420616,0.0,0.01688,0.0,0.02,0.0,0.0,0.0
0.02,included,0.15,0.0,0.5,0.4,robustness_gate,1000,15.736677512796058,0.8185174214807165,1.4348454069739651,0.0,0.01828,0.0,0.08,0.92,0.045,0.0
0.02,included,0.15,15.0,0.0,1.0,oracle_expected,1000,16.88504601793546,0.0,0.0,0.0,0.017920000000000002,0.0,0.0,0.0,0.0,0.0
0.02,included,0.15,15.0,0.0,1.0,baseline,1000,0.0,16.88504601793546,25.429314452000572,0.0,0.0,0.0,1.0,0.0,0.0,0.0
0.02,included,0.15,15.0,0.0,1.0,declared_raw,1000,15.702757975210643,1.1822880427248175,5.276656069026203,0.0,0.01562,0.0,0.029,0.0,0.0,0.0
0.02,included,0.15,15.0,0.0,1.0,confidence_shrink,1000,15.702757975210643,1.1822880427248175,5.276656069026203,0.0,0.01562,0.0,0.029,0.0,0.0,0.0
0.02,included,0.15,15.0,0.0,1.0,minimax_regret,1000,15.697434078515048,1.1876119394204123,5.386685593353078,0.0,0.01562,0.0,0.028,0.0,0.0,0.0
0.02,included,0.15,15.0,0.0,1.0,robustness_gate,1000,12.867806321987942,4.017239695947518,14.933029363469178,0.0,0.012700000000000001,0.0,0.265,0.735,0.095,0.0
0.02,included,0.15,15.0,0.0,0.4,oracle_expected,1000,16.801112387033314,0.0,0.0,0.0,0.017920000000000002,0.0,0.0,0.0,0.0,0.0
0.02,included,0.15,15.0,0.0,0.4,baseline,1000,0.0,16.801112387033314,25.250823884573993,0.0,0.0,0.0,1.0,0.0,0.0,0.0
0.02,included,0.15,15.0,0.0,0.4,declared_raw,1000,15.52527611358581,1.2758362734475033,5.648510187756371,0.0,0.01492,0.0,0.026,0.0,0.0,0.0
0.02,included,0.15,15.0,0.0,0.4,confidence_shrink,1000,16.154006134780854,0.6471062522524599,2.3153087585086896,0.001,0.0173,0.0,0.009,0.0,0.0,0.0
0.02,included,0.15,15.0,0.0,0.4,minimax_regret,1000,15.535161288741865,1.2659510982914506,5.606404703362441,0.0,0.0149,0.0,0.024,0.0,0.0,0.0
0.02,included,0.15,15.0,0.0,0.4,robustness_gate,1000,14.279628372488474,2.5214840145448414,11.16943493321061,0.001,0.01516,0.0,0.172,0.828,0.078,0.001
0.02,included,0.15,15.0,0.5,1.0,oracle_expected,1000,16.606479485698248,0.0,0.0,0.0,0.0176,0.0,0.0,0.0,0.0,0.0
0.02,included,0.15,15.0,0.5,1.0,baseline,1000,0.0,16.606479485698248,25.156490493196593,0.0,0.0,0.0,1.0,0.0,0.0,0.0
0.02,included,0.15,15.0,0.5,1.0,declared_raw,1000,14.396571358060092,2.209908127638155,9.32588071891195,0.001,0.014060000000000001,0.0,0.067,0.0,0.0,0.0
0.02,included,0.15,15.0,0.5,1.0,confidence_shrink,1000,14.396571358060092,2.209908127638155,9.32588071891195,0.001,0.014060000000000001,0.0,0.067,0.0,0.0,0.0
0.02,included,0.15,15.0,0.5,1.0,minimax_regret,1000,14.368605671504426,2.2378738141938217,9.341663299755558,0.001,0.01404,0.0,0.067,0.0,0.0,0.0
0.02,included,0.15,15.0,0.5,1.0,robustness_gate,1000,11.601461935440966,5.005017550257281,17.214212364003046,0.001,0.011439999999999999,0.0,0.291,0.709,0.127,0.001
0.02,included,0.15,15.0,0.5,0.4,oracle_expected,1000,17.083172885957747,0.0,0.0,0.0,0.01822,0.0,0.0,0.0,0.0,0.0
0.02,included,0.15,15.0,0.5,0.4,baseline,1000,0.0,17.083172885957747,25.307997639333866,0.0,0.0,0.0,1.0,0.0,0.0,0.0
0.02,included,0.15,15.0,0.5,0.4,declared_raw,1000,15.161915527050617,1.9212573589071322,8.997544027391278,0.003,0.01482,0.0,0.064,0.0,0.0,0.0
0.02,included,0.15,15.0,0.5,0.4,confidence_shrink,1000,16.04913075859745,1.0340421273603018,3.547815393072478,0.003,0.01696,0.0,0.02,0.0,0.0,0.0
0.02,included,0.15,15.0,0.5,0.4,minimax_regret,1000,15.132304755652486,1.950868130305264,9.008615011488875,0.003,0.0148,0.0,0.063,0.0,0.0,0.0
0.02,included,0.15,15.0,0.5,0.4,robustness_gate,1000,14.38651879839506,2.6966540875626897,11.486558357387105,0.002,0.015179999999999999,0.0,0.171,0.829,0.087,0.002
0.02,omitted,0.0,0.0,0.0,1.0,oracle_expected,1000,16.80487809031354,0.0,0.0,0.0,0.017740000000000002,0.0,0.0,0.0,0.0,0.0
0.02,omitted,0.0,0.0,0.0,1.0,baseline,1000,0.0,16.80487809031354,25.544805879823315,0.0,0.0,0.0,1.0,0.0,0.0,0.0
0.02,omitted,0.0,0.0,0.0,1.0,declared_raw,1000,16.793859282728963,0.011018807584576087,0.0,0.0,0.01822,0.0,0.0,0.0,0.0,0.0
0.02,omitted,0.0,0.0,0.0,1.0,confidence_shrink,1000,16.793859282728963,0.011018807584576087,0.0,0.0,0.01822,0.0,0.0,0.0,0.0,0.0
0.02,omitted,0.0,0.0,0.0,1.0,minimax_regret,1000,16.793859282728963,0.011018807584576087,0.0,0.0,0.01822,0.0,0.0,0.0,0.0,0.0
0.02,omitted,0.0,0.0,0.0,1.0,robustness_gate,1000,15.265635017254594,1.5392430730589464,8.295534134946037,0.0,0.01604,0.0,0.166,0.834,0.0,0.0
0.02,omitted,0.0,0.0,0.0,0.4,oracle_expected,1000,16.68568446318263,0.0,0.0,0.0,0.01754,0.0,0.0,0.0,0.0,0.0
0.02,omitted,0.0,0.0,0.0,0.4,baseline,1000,0.0,16.68568446318263,25.339876485016244,0.0,0.0,0.0,1.0,0.0,0.0,0.0
0.02,omitted,0.0,0.0,0.0,0.4,declared_raw,1000,16.67502842878349,0.010656034399136576,0.0,0.0,0.0181,0.0,0.0,0.0,0.0,0.0
0.02,omitted,0.0,0.0,0.0,0.4,confidence_shrink,1000,16.458319022810123,0.22736544037250173,0.26817893360608835,0.001,0.0198,0.0,0.0,0.0,0.0,0.0
0.02,omitted,0.0,0.0,0.0,0.4,minimax_regret,1000,16.67506829102072,0.010616172161906273,0.0,0.0,0.0181,0.0,0.0,0.0,0.0,0.0
0.02,omitted,0.0,0.0,0.0,0.4,robustness_gate,1000,16.11397996148919,0.5717045016934351,0.7171513552357776,0.0,0.01886,0.0,0.055,0.945,0.068,0.0
0.02,omitted,0.0,0.0,0.5,1.0,oracle_expected,1000,17.0703524472651,0.0,0.0,0.0,0.01802,0.0,0.0,0.0,0.0,0.0
0.02,omitted,0.0,0.0,0.5,1.0,baseline,1000,0.0,17.0703524472651,25.874557067105865,0.0,0.0,0.0,1.0,0.0,0.0,0.0
0.02,omitted,0.0,0.0,0.5,1.0,declared_raw,1000,16.77589822607598,0.29445422118912146,0.0,0.0,0.0177,0.0,0.009,0.0,0.0,0.0
0.02,omitted,0.0,0.0,0.5,1.0,confidence_shrink,1000,16.77589822607598,0.29445422118912146,0.0,0.0,0.0177,0.0,0.009,0.0,0.0,0.0
0.02,omitted,0.0,0.0,0.5,1.0,minimax_regret,1000,16.77503569582646,0.2953167514386393,0.0,0.0,0.0177,0.0,0.008,0.0,0.0,0.0
0.02,omitted,0.0,0.0,0.5,1.0,robustness_gate,1000,14.646065062092003,2.424287385173098,10.862966930217606,0.0,0.015120000000000001,0.0,0.213,0.787,0.017,0.0
0.02,omitted,0.0,0.0,0.5,0.4,oracle_expected,1000,16.80906115042066,0.0,0.0,0.0,0.01806,0.0,0.0,0.0,0.0,0.0
0.02,omitted,0.0,0.0,0.5,0.4,baseline,1000,0.0,16.80906115042066,25.028776772450755,0.0,0.0,0.0,1.0,0.0,0.0,0.0
0.02,omitted,0.0,0.0,0.5,0.4,declared_raw,1000,16.48920946118739,0.31985168923326696,0.0,0.0,0.01748,0.0,0.013,0.0,0.0,0.0
0.02,omitted,0.0,0.0,0.5,0.4,confidence_shrink,1000,16.610927824969593,0.19813332545106613,0.0,0.002,0.01964,0.0,0.001,0.0,0.0,0.0
0.02,omitted,0.0,0.0,0.5,0.4,minimax_regret,1000,16.5010924020612,0.30796874835946064,0.0,0.0,0.01756,0.0,0.011,0.0,0.0,0.0
0.02,omitted,0.0,0.0,0.5,0.4,robustness_gate,1000,16.111055201948073,0.6980059484725868,0.5027614165330769,0.0,0.018580000000000003,0.0,0.07,0.93,0.04,0.0
0.02,omitted,0.0,15.0,0.0,1.0,oracle_expected,1000,16.868776903276718,0.0,0.0,0.0,0.018,0.0,0.0,0.0,0.0,0.0
0.02,omitted,0.0,15.0,0.0,1.0,baseline,1000,0.0,16.868776903276718,25.01801943270987,0.0,0.0,0.0,1.0,0.0,0.0,0.0
0.02,omitted,0.0,15.0,0.0,1.0,declared_raw,1000,15.957350279256705,0.9114266240200105,3.666287045896776,0.002,0.015860000000000003,0.0,0.021,0.0,0.0,0.0
0.02,omitted,0.0,15.0,0.0,1.0,confidence_shrink,1000,15.957350279256705,0.9114266240200105,3.666287045896776,0.002,0.015860000000000003,0.0,0.021,0.0,0.0,0.0
0.02,omitted,0.0,15.0,0.0,1.0,minimax_regret,1000,15.962941329232809,0.9058355740439071,3.666287045896776,0.002,0.015880000000000002,0.0,0.021,0.0,0.0,0.0
0.02,omitted,0.0,15.0,0.0,1.0,robustness_gate,1000,13.35543110723951,3.513345796037206,13.637200889221027,0.002,0.013099999999999999,0.0,0.247,0.753,0.072,0.002
0.02,omitted,0.0,15.0,0.0,0.4,oracle_expected,1000,16.657015426242566,0.0,0.0,0.0,0.017920000000000002,0.0,0.0,0.0,0.0,0.0
0.02,omitted,0.0,15.0,0.0,0.4,baseline,1000,0.0,16.657015426242566,25.367341523622386,0.0,0.0,0.0,1.0,0.0,0.0,0.0
0.02,omitted,0.0,15.0,0.0,0.4,declared_raw,1000,15.797414584138387,0.8596008421041825,2.9587156085465547,0.0,0.0161,0.0,0.015,0.0,0.0,0.0
0.02,omitted,0.0,15.0,0.0,0.4,confidence_shrink,1000,16.12390498955772,0.5331104366848491,1.5857663259757995,0.0,0.01786,0.0,0.005,0.0,0.0,0.0
0.02,omitted,0.0,15.0,0.0,0.4,minimax_regret,1000,15.800983928833396,0.8560314974091724,2.9587156085465547,0.0,0.01608,0.0,0.015,0.0,0.0,0.0
0.02,omitted,0.0,15.0,0.0,0.4,robustness_gate,1000,14.700597722740197,1.9564177035023718,9.078562562860544,0.0,0.01616,0.0,0.142,0.858,0.083,0.0
0.02,omitted,0.0,15.0,0.5,1.0,oracle_expected,1000,16.606859518063793,0.0,0.0,0.0,0.0178,0.0,0.0,0.0,0.0,0.0
0.02,omitted,0.0,15.0,0.5,1.0,baseline,1000,0.0,16.606859518063793,24.917052790824457,0.0,0.0,0.0,1.0,0.0,0.0,0.0
0.02,omitted,0.0,15.0,0.5,1.0,declared_raw,1000,15.035060221757744,1.5717992963060472,6.55893606333188,0.001,0.014700000000000001,0.0,0.044,0.0,0.0,0.0
0.02,omitted,0.0,15.0,0.5,1.0,confidence_shrink,1000,15.035060221757744,1.5717992963060472,6.55893606333188,0.001,0.014700000000000001,0.0,0.044,0.0,0.0,0.0
0.02,omitted,0.0,15.0,0.5,1.0,minimax_regret,1000,15.020197593603868,1.586661924459924,6.728132000968042,0.001,0.01472,0.0,0.045,0.0,0.0,0.0
0.02,omitted,0.0,15.0,0.5,1.0,robustness_gate,1000,11.961474273349328,4.645385244714464,16.43580596673643,0.0,0.01166,0.0,0.288,0.712,0.108,0.0
0.02,omitted,0.0,15.0,0.5,0.4,oracle_expected,1000,16.875391606029076,0.0,0.0,0.0,0.01812,0.0,0.0,0.0,0.0,0.0
0.02,omitted,0.0,15.0,0.5,0.4,baseline,1000,0.0,16.875391606029076,24.694177733417575,0.0,0.0,0.0,1.0,0.0,0.0,0.0
0.02,omitted,0.0,15.0,0.5,0.4,declared_raw,1000,15.291712002612474,1.5836796034166012,6.597580847798864,0.0,0.01498,0.0,0.042,0.0,0.0,0.0
0.02,omitted,0.0,15.0,0.5,0.4,confidence_shrink,1000,16.085273096028423,0.7901185100006513,2.5595096619422937,0.0,0.017240000000000002,0.0,0.013,0.0,0.0,0.0
0.02,omitted,0.0,15.0,0.5,0.4,minimax_regret,1000,15.300787845178126,1.5746037608509473,6.5677760801695575,0.0,0.01502,0.0,0.041,0.0,0.0,0.0
0.02,omitted,0.0,15.0,0.5,0.4,robustness_gate,1000,13.961263571554799,2.9141280344742753,12.524656013509393,0.0,0.0149,0.0,0.189,0.811,0.089,0.0
0.02,omitted,0.15,0.0,0.0,1.0,oracle_expected,1000,16.65729889977433,0.0,0.0,0.0,0.01776,0.0,0.0,0.0,0.0,0.0
0.02,omitted,0.15,0.0,0.0,1.0,baseline,1000,0.0,16.65729889977433,24.66823931604531,0.0,0.0,0.0,1.0,0.0,0.0,0.0
0.02,omitted,0.15,0.0,0.0,1.0,declared_raw,1000,16.602050286005614,0.05524861376871514,0.0,0.0,0.018,0.0,0.0,0.0,0.0,0.0
0.02,omitted,0.15,0.0,0.0,1.0,confidence_shrink,1000,16.602050286005614,0.05524861376871514,0.0,0.0,0.018,0.0,0.0,0.0,0.0,0.0
0.02,omitted,0.15,0.0,0.0,1.0,minimax_regret,1000,16.603968869586634,0.05333003018769527,0.0,0.0,0.01804,0.0,0.0,0.0,0.0,0.0
0.02,omitted,0.15,0.0,0.0,1.0,robustness_gate,1000,14.851134328624594,1.8061645711497363,9.232335205848303,0.0,0.015700000000000002,0.0,0.186,0.814,0.003,0.0
0.02,omitted,0.15,0.0,0.0,0.4,oracle_expected,1000,16.634573576309283,0.0,0.0,0.0,0.01794,0.0,0.0,0.0,0.0,0.0
0.02,omitted,0.15,0.0,0.0,0.4,baseline,1000,0.0,16.634573576309283,25.20057698421327,0.0,0.0,0.0,1.0,0.0,0.0,0.0
0.02,omitted,0.15,0.0,0.0,0.4,declared_raw,1000,16.59112116569128,0.04345241061799897,0.0,0.0,0.01828,0.0,0.0,0.0,0.0,0.0
0.02,omitted,0.15,0.0,0.0,0.4,confidence_shrink,1000,16.442135681788272,0.1924378945210061,0.0,0.0,0.0197,0.0,0.0,0.0,0.0,0.0
0.02,omitted,0.15,0.0,0.0,0.4,minimax_regret,1000,16.588365905858755,0.04620767045052718,0.0,0.0,0.01834,0.0,0.0,0.0,0.0,0.0
0.02,omitted,0.15,0.0,0.0,0.4,robustness_gate,1000,16.035309349367036,0.5992642269422447,0.2888473910631461,0.0,0.018760000000000002,0.0,0.059,0.941,0.045,0.0
0.02,omitted,0.15,0.0,0.5,1.0,oracle_expected,1000,16.925225179748942,0.0,0.0,0.0,0.01788,0.0,0.0,0.0,0.0,0.0
0.02,omitted,0.15,0.0,0.5,1.0,baseline,1000,0.0,16.925225179748942,25.407760476269843,0.0,0.0,0.0,1.0,0.0,0.0,0.0
0.02,omitted,0.15,0.0,0.5,1.0,declared_raw,1000,16.5928055441438,0.33241963560513893,0.0,0.0,0.01734,0.0,0.006,0.0,0.0,0.0
0.02,omitted,0.15,0.0,0.5,1.0,confidence_shrink,1000,16.5928055441438,0.33241963560513893,0.0,0.0,0.01734,0.0,0.006,0.0,0.0,0.0
0.02,omitted,0.15,0.0,0.5,1.0,minimax_regret,1000,16.61857350267417,0.30665167707476837,0.0,0.0,0.01748,0.0,0.004,0.0,0.0,0.0
0.02,omitted,0.15,0.0,0.5,1.0,robustness_gate,1000,14.382271646060374,2.5429535336885647,11.711160674533314,0.0,0.01488,0.0,0.21,0.79,0.02,0.0
0.02,omitted,0.15,0.0,0.5,0.4,oracle_expected,1000,16.758777641322084,0.0,0.0,0.0,0.01762,0.0,0.0,0.0,0.0,0.0
0.02,omitted,0.15,0.0,0.5,0.4,baseline,1000,0.0,16.758777641322084,24.742200161055848,0.0,0.0,0.0,1.0,0.0,0.0,0.0
0.02,omitted,0.15,0.0,0.5,0.4,declared_raw,1000,16.207753811948983,0.5510238293731029,0.6141574417570559,0.0,0.01688,0.0,0.017,0.0,0.0,0.0
0.02,omitted,0.15,0.0,0.5,0.4,confidence_shrink,1000,16.54721766861309,0.21155997270899374,0.0,0.001,0.019260000000000003,0.0,0.0,0.0,0.0,0.0
0.02,omitted,0.15,0.0,0.5,0.4,minimax_regret,1000,16.217839883452754,0.5409377578693343,0.5024695584872674,0.0,0.01696,0.0,0.016,0.0,0.0,0.0
0.02,omitted,0.15,0.0,0.5,0.4,robustness_gate,1000,15.850240425739381,0.908537215582705,1.8641287835302616,0.0,0.01802,0.0,0.087,0.913,0.05,0.0
0.02,omitted,0.15,15.0,0.0,1.0,oracle_expected,1000,16.667874674964935,0.0,0.0,0.0,0.01748,0.0,0.0,0.0,0.0,0.0
0.02,omitted,0.15,15.0,0.0,1.0,baseline,1000,0.0,16.667874674964935,25.40582840238648,0.0,0.0,0.0,1.0,0.0,0.0,0.0
0.02,omitted,0.15,15.0,0.0,1.0,declared_raw,1000,15.540286890812059,1.1275877841528776,4.784771249395188,0.005,0.01564,0.0,0.027,0.0,0.0,0.0
0.02,omitted,0.15,15.0,0.0,1.0,confidence_shrink,1000,15.540286890812059,1.1275877841528776,4.784771249395188,0.005,0.01564,0.0,0.027,0.0,0.0,0.0
0.02,omitted,0.15,15.0,0.0,1.0,minimax_regret,1000,15.559847802888338,1.108026872076596,4.776282933257654,0.005,0.01572,0.0,0.026,0.0,0.0,0.0
0.02,omitted,0.15,15.0,0.0,1.0,robustness_gate,1000,12.880930235048675,3.7869444399162604,14.242131006925437,0.002,0.01282,0.0,0.255,0.745,0.087,0.002
0.02,omitted,0.15,15.0,0.0,0.4,oracle_expected,1000,16.86184279994673,0.0,0.0,0.0,0.01778,0.0,0.0,0.0,0.0,0.0
0.02,omitted,0.15,15.0,0.0,0.4,baseline,1000,0.0,16.86184279994673,25.234156547193006,0.0,0.0,0.0,1.0,0.0,0.0,0.0
0.02,omitted,0.15,15.0,0.0,0.4,declared_raw,1000,15.960977402115384,0.9008653978313419,3.852174819312517,0.0,0.0158,0.0,0.015,0.0,0.0,0.0
0.02,omitted,0.15,15.0,0.0,0.4,confidence_shrink,1000,16.330624350814503,0.5312184491322244,1.423722308021657,0.001,0.01772,0.0,0.005,0.0,0.0,0.0
0.02,omitted,0.15,15.0,0.0,0.4,minimax_regret,1000,15.971803493854189,0.8900393060925375,3.7341890999862755,0.0,0.01582,0.0,0.014,0.0,0.0,0.0
0.02,omitted,0.15,15.0,0.0,0.4,robustness_gate,1000,14.924460942889134,1.9373818570575925,9.199532489286815,0.0,0.01594,0.0,0.142,0.858,0.08,0.0
0.02,omitted,0.15,15.0,0.5,1.0,oracle_expected,1000,16.907524482619007,0.0,0.0,0.0,0.01788,0.0,0.0,0.0,0.0,0.0
0.02,omitted,0.15,15.0,0.5,1.0,baseline,1000,0.0,16.907524482619007,25.32107742748767,0.0,0.0,0.0,1.0,0.0,0.0,0.0
0.02,omitted,0.15,15.0,0.5,1.0,declared_raw,1000,15.088631829005156,1.8188926536138528,7.730835762401137,0.0,0.0148,0.0,0.054,0.0,0.0,0.0
0.02,omitted,0.15,15.0,0.5,1.0,confidence_shrink,1000,15.088631829005156,1.8188926536138528,7.730835762401137,0.0,0.0148,0.0,0.054,0.0,0.0,0.0
0.02,omitted,0.15,15.0,0.5,1.0,minimax_regret,1000,15.12543100435017,1.7820934782688376,7.541829461776494,0.0,0.014780000000000001,0.0,0.049,0.0,0.0,0.0
0.02,omitted,0.15,15.0,0.5,1.0,robustness_gate,1000,12.470813954693394,4.436710527925614,16.384377873562997,0.0,0.012280000000000001,0.0,0.264,0.736,0.12,0.0
0.02,omitted,0.15,15.0,0.5,0.4,oracle_expected,1000,16.542989366709048,0.0,0.0,0.0,0.01778,0.0,0.0,0.0,0.0,0.0
0.02,omitted,0.15,15.0,0.5,0.4,baseline,1000,0.0,16.542989366709048,25.270399156221654,0.0,0.0,0.0,1.0,0.0,0.0,0.0
0.02,omitted,0.15,15.0,0.5,0.4,declared_raw,1000,14.844669151356234,1.698320215352813,7.105386712093399,0.002,0.014700000000000001,0.0,0.044,0.0,0.0,0.0
0.02,omitted,0.15,15.0,0.5,0.4,confidence_shrink,1000,15.678279415148939,0.8647099515601071,3.2886863141813136,0.003,0.01706,0.0,0.018,0.0,0.0,0.0
0.02,omitted,0.15,15.0,0.5,0.4,minimax_regret,1000,14.841225339327098,1.701764027381948,7.105386712093399,0.002,0.014700000000000001,0.0,0.044,0.0,0.0,0.0
0.02,omitted,0.15,15.0,0.5,0.4,robustness_gate,1000,13.65673066148788,2.886258705221167,12.569392188457249,0.002,0.0148,0.0,0.187,0.813,0.088,0.002
0.08,included,0.0,0.0,0.0,1.0,oracle_expected,1000,11.086892504214312,0.0,0.0,0.0,0.06216000000000001,0.0,0.002,0.0,0.0,0.0
0.08,included,0.0,0.0,0.0,1.0,baseline,1000,0.0,11.086892504214312,18.77506157431124,0.0,0.0,0.0,1.0,0.0,0.0,0.0
0.08,included,0.0,0.0,0.0,1.0,declared_raw,1000,11.086892504214312,0.0,0.0,0.0,0.06216000000000001,0.0,0.002,0.0,0.0,0.0
0.08,included,0.0,0.0,0.0,1.0,confidence_shrink,1000,11.086892504214312,0.0,0.0,0.0,0.06216000000000001,0.0,0.002,0.0,0.0,0.0
0.08,included,0.0,0.0,0.0,1.0,minimax_regret,1000,11.08595009551799,0.000942408696320997,0.0,0.002,0.06256,0.0,0.0,0.0,0.0,0.0
0.08,included,0.0,0.0,0.0,1.0,robustness_gate,1000,8.38825603831048,2.6986364659038298,8.75382488965536,0.0,0.04368,0.0,0.396,0.604,0.0,0.0
0.08,included,0.0,0.0,0.0,0.4,oracle_expected,1000,11.728032618811858,0.0,0.0,0.0,0.06232,0.0,0.0,0.0,0.0,0.0
0.08,included,0.0,0.0,0.0,0.4,baseline,1000,0.0,11.728032618811858,19.407175050754734,0.0,0.0,0.0,1.0,0.0,0.0,0.0
0.08,included,0.0,0.0,0.0,0.4,declared_raw,1000,11.728032618811858,0.0,0.0,0.0,0.06232,0.0,0.0,0.0,0.0,0.0
0.08,included,0.0,0.0,0.0,0.4,confidence_shrink,1000,11.22936566077735,0.49866695803450833,2.151968752185325,0.035,0.07712000000000001,0.0,0.0,0.0,0.0,0.0
0.08,included,0.0,0.0,0.0,0.4,minimax_regret,1000,11.727847954614749,0.00018466419711009153,0.0,0.0,0.06232,0.0,0.0,0.0,0.0,0.0
0.08,included,0.0,0.0,0.0,0.4,robustness_gate,1000,10.917995263770553,0.810037355041304,3.7003037454731995,0.011,0.07072,0.0,0.109,0.891,0.105,0.011
0.08,included,0.0,0.0,0.5,1.0,oracle_expected,1000,11.309182784677906,0.0,0.0,0.0,0.06256,0.0,0.0,0.0,0.0,0.0
0.08,included,0.0,0.0,0.5,1.0,baseline,1000,0.0,11.309182784677906,18.900590282275566,0.0,0.0,0.0,1.0,0.0,0.0,0.0
0.08,included,0.0,0.0,0.5,1.0,declared_raw,1000,10.64420893687435,0.6649738478035574,1.9303498449920276,0.003,0.05792,0.0,0.065,0.0,0.0,0.0
0.08,included,0.0,0.0,0.5,1.0,confidence_shrink,1000,10.64420893687435,0.6649738478035574,1.9303498449920276,0.003,0.05792,0.0,0.065,0.0,0.0,0.0
0.08,included,0.0,0.0,0.5,1.0,minimax_regret,1000,10.686589396728237,0.6225933879496696,1.8977953665243907,0.003,0.05792,0.0,0.052,0.0,0.0,0.0
0.08,included,0.0,0.0,0.5,1.0,robustness_gate,1000,7.435091805764173,3.8740909789137343,11.167951018108305,0.001,0.04,0.0,0.459,0.541,0.009,0.001
0.08,included,0.0,0.0,0.5,0.4,oracle_expected,1000,11.180601663431315,0.0,0.0,0.0,0.06304,0.0,0.001,0.0,0.0,0.0
0.08,included,0.0,0.0,0.5,0.4,baseline,1000,0.0,11.180601663431315,18.592387712728012,0.0,0.0,0.0,1.0,0.0,0.0,0.0
0.08,included,0.0,0.0,0.5,0.4,declared_raw,1000,10.473985383752751,0.7066162796785637,2.18880180197532,0.004,0.057280000000000005,0.0,0.073,0.0,0.0,0.0
0.08,included,0.0,0.0,0.5,0.4,confidence_shrink,1000,10.717460727394506,0.46314093603680784,1.73446995122377,0.027,0.07640000000000001,0.0,0.003,0.0,0.0,0.0
0.08,included,0.0,0.0,0.5,0.4,minimax_regret,1000,10.484631542718171,0.6959701207131441,2.2592736307513177,0.006,0.05768,0.0,0.065,0.0,0.0,0.0
0.08,included,0.0,0.0,0.5,0.4,robustness_gate,1000,10.170335425264302,1.010266238167013,4.811523217853564,0.009,0.06864,0.0,0.134,0.866,0.097,0.009
0.08,included,0.0,15.0,0.0,1.0,oracle_expected,1000,11.186741042554642,0.0,0.0,0.0,0.06248,0.0,0.0,0.0,0.0,0.0
0.08,included,0.0,15.0,0.0,1.0,baseline,1000,0.0,11.186741042554642,18.690866248496498,0.0,0.0,0.0,1.0,0.0,0.0,0.0
0.08,included,0.0,15.0,0.0,1.0,declared_raw,1000,9.935132533416416,1.2516085091382279,5.135478130217526,0.007,0.05296,0.0,0.067,0.0,0.0,0.0
0.08,included,0.0,15.0,0.0,1.0,confidence_shrink,1000,9.935132533416416,1.2516085091382279,5.135478130217526,0.007,0.05296,0.0,0.067,0.0,0.0,0.0
0.08,included,0.0,15.0,0.0,1.0,minimax_regret,1000,9.93829692697633,1.2484441155783141,5.121870100188983,0.008,0.05304,0.0,0.061,0.0,0.0,0.0
0.08,included,0.0,15.0,0.0,1.0,robustness_gate,1000,7.331859608035679,3.854881434518964,12.500952489699637,0.001,0.037200000000000004,0.0,0.377,0.623,0.102,0.001
0.08,included,0.0,15.0,0.0,0.4,oracle_expected,1000,11.242677092317516,0.0,0.0,0.0,0.06376,0.0,0.001,0.0,0.0,0.0
0.08,included,0.0,15.0,0.0,0.4,baseline,1000,0.0,11.242677092317516,18.46207576429956,0.0,0.0,0.0,1.0,0.0,0.0,0.0
0.08,included,0.0,15.0,0.0,0.4,declared_raw,1000,10.010547182594882,1.2321299097226326,5.01048570959372,0.008,0.053520000000000005,0.0,0.058,0.0,0.0,0.0
0.08,included,0.0,15.0,0.0,0.4,confidence_shrink,1000,10.570308715582343,0.6723683767351721,2.4416379702190656,0.02,0.06864,0.0,0.014,0.0,0.0,0.0
0.08,included,0.0,15.0,0.0,0.4,minimax_regret,1000,10.00627051818009,1.2364065741374257,4.972870209447582,0.008,0.05336,0.0,0.055,0.0,0.0,0.0
0.08,included,0.0,15.0,0.0,0.4,robustness_gate,1000,9.375954278616241,1.8667228137012732,7.736535674213719,0.011,0.059359999999999996,0.0,0.194,0.806,0.107,0.011
0.08,included,0.0,15.0,0.5,1.0,oracle_expected,1000,11.480176146850308,0.0,0.0,0.0,0.06288,0.0,0.0,0.0,0.0,0.0
0.08,included,0.0,15.0,0.5,1.0,baseline,1000,0.0,11.480176146850308,19.1909459135637,0.0,0.0,0.0,1.0,0.0,0.0,0.0
0.08,included,0.0,15.0,0.5,1.0,declared_raw,1000,9.607513794014656,1.8726623528356536,7.2961670236644105,0.011,0.0496,0.0,0.114,0.0,0.0,0.0
0.08,included,0.0,15.0,0.5,1.0,confidence_shrink,1000,9.607513794014656,1.8726623528356536,7.2961670236644105,0.011,0.0496,0.0,0.114,0.0,0.0,0.0
0.08,included,0.0,15.0,0.5,1.0,minimax_regret,1000,9.582072551771578,1.8981035950787308,7.352118886871895,0.011,0.04944,0.0,0.114,0.0,0.0,0.0
0.08,included,0.0,15.0,0.5,1.0,robustness_gate,1000,6.942879343341573,4.537296803508736,13.160194363155536,0.003,0.03344,0.0,0.41,0.59,0.114,0.003
0.08,included,0.0,15.0,0.5,0.4,oracle_expected,1000,11.284862959415092,0.0,0.0,0.0,0.06328,0.0,0.001,0.0,0.0,0.0
0.08,included,0.0,15.0,0.5,0.4,baseline,1000,0.0,11.284862959415092,18.799699913408325,0.0,0.0,0.0,1.0,0.0,0.0,0.0
0.08,included,0.0,15.0,0.5,0.4,declared_raw,1000,9.356740848826455,1.9281221105886357,7.160419464933909,0.008,0.048960000000000004,0.0,0.123,0.0,0.0,0.0
0.08,included,0.0,15.0,0.5,0.4,confidence_shrink,1000,10.249581349224671,1.0352816101904196,4.189711546006032,0.026,0.0648,0.0,0.042,0.0,0.0,0.0
0.08,included,0.0,15.0,0.5,0.4,minimax_regret,1000,9.372718033860638,1.9121449255544527,7.024168398836259,0.009,0.0492,0.0,0.12,0.0,0.0,0.0
0.08,included,0.0,15.0,0.5,0.4,robustness_gate,1000,8.868075274732991,2.4167876846821,8.872278569161633,0.012,0.05416000000000001,0.0,0.247,0.753,0.111,0.012
0.08,included,0.15,0.0,0.0,1.0,oracle_expected,1000,11.32753667985362,0.0,0.0,0.0,0.0636,0.0,0.0,0.0,0.0,0.0
0.08,included,0.15,0.0,0.0,1.0,baseline,1000,0.0,11.32753667985362,19.0255832510982,0.0,0.0,0.0,1.0,0.0,0.0,0.0
0.08,included,0.15,0.0,0.0,1.0,declared_raw,1000,11.24810520981666,0.07943147003696091,0.0,0.0,0.06312000000000001,0.0,0.001,0.0,0.0,0.0
0.08,included,0.15,0.0,0.0,1.0,confidence_shrink,1000,11.24810520981666,0.07943147003696091,0.0,0.0,0.06312000000000001,0.0,0.001,0.0,0.0,0.0
0.08,included,0.15,0.0,0.0,1.0,minimax_regret,1000,11.25204798322106,0.07548869663256333,0.0,0.0,0.06328,0.0,0.0,0.0,0.0,0.0
0.08,included,0.15,0.0,0.0,1.0,robustness_gate,1000,8.355571936787348,2.9719647430662737,9.2492516444736,0.0,0.04264,0.0,0.403,0.597,0.001,0.0
0.08,included,0.15,0.0,0.0,0.4,oracle_expected,1000,11.634536822864307,0.0,0.0,0.0,0.06392,0.0,0.0,0.0,0.0,0.0
0.08,included,0.15,0.0,0.0,0.4,baseline,1000,0.0,11.634536822864307,19.647350343528977,0.0,0.0,0.0,1.0,0.0,0.0,0.0
0.08,included,0.15,0.0,0.0,0.4,declared_raw,1000,11.561947019238023,0.0725898036262839,0.0,0.0,0.06296,0.0,0.0,0.0,0.0,0.0
0.08,included,0.15,0.0,0.0,0.4,confidence_shrink,1000,11.1217105125329,0.5128263103314068,2.254618309096247,0.034,0.078,0.0,0.0,0.0,0.0,0.0
0.08,included,0.15,0.0,0.0,0.4,minimax_regret,1000,11.566401392930825,0.06813542993348323,0.0,0.0,0.0632,0.0,0.0,0.0,0.0,0.0
0.08,included,0.15,0.0,0.0,0.4,robustness_gate,1000,10.86874984732354,0.7657869755407659,3.3282759724333197,0.009,0.07160000000000001,0.0,0.099,0.901,0.102,0.009
0.08,included,0.15,0.0,0.5,1.0,oracle_expected,1000,11.380320312693232,0.0,0.0,0.0,0.06423999999999999,0.0,0.002,0.0,0.0,0.0
0.08,included,0.15,0.0,0.5,1.0,baseline,1000,0.0,11.380320312693232,19.047366032920337,0.0,0.0,0.0,1.0,0.0,0.0,0.0
0.08,included,0.15,0.0,0.5,1.0,declared_raw,1000,10.489935513392144,0.8903847993010903,3.05164789299861,0.004,0.057280000000000005,0.0,0.093,0.0,0.0,0.0
0.08,included,0.15,0.0,0.5,1.0,confidence_shrink,1000,10.489935513392144,0.8903847993010903,3.05164789299861,0.004,0.057280000000000005,0.0,0.093,0.0,0.0,0.0
0.08,included,0.15,0.0,0.5,1.0,minimax_regret,1000,10.530838542653653,0.84948177003958,3.1060005095139127,0.004,0.056960000000000004,0.0,0.079,0.0,0.0,0.0
0.08,included,0.15,0.0,0.5,1.0,robustness_gate,1000,7.343986906981546,4.036333405711688,11.936459394147732,0.001,0.0384,0.0,0.47,0.53,0.003,0.001
0.08,included,0.15,0.0,0.5,0.4,oracle_expected,1000,11.361538209629098,0.0,0.0,0.0,0.06432,0.0,0.0,0.0,0.0,0.0
0.08,included,0.15,0.0,0.5,0.4,baseline,1000,0.0,11.361538209629098,18.779717832727467,0.0,0.0,0.0,1.0,0.0,0.0,0.0
0.08,included,0.15,0.0,0.5,0.4,declared_raw,1000,10.557000676079733,0.8045375335493661,2.604505581945935,0.0,0.05744,0.0,0.081,0.0,0.0,0.0
0.08,included,0.15,0.0,0.5,0.4,confidence_shrink,1000,10.91490800674539,0.44663020288370886,1.5715503752350153,0.032,0.07584,0.0,0.001,0.0,0.0,0.0
0.08,included,0.15,0.0,0.5,0.4,minimax_regret,1000,10.566113105020648,0.79542510460845,2.800927433876834,0.001,0.057280000000000005,0.0,0.07,0.0,0.0,0.0
0.08,included,0.15,0.0,0.5,0.4,robustness_gate,1000,10.361645039899726,0.9998931697293727,4.6707734760331325,0.01,0.06792000000000001,0.0,0.14,0.86,0.076,0.01
0.08,included,0.15,15.0,0.0,1.0,oracle_expected,1000,11.516183883516984,0.0,0.0,0.0,0.06416,0.0,0.0,0.0,0.0,0.0
0.08,included,0.15,15.0,0.0,1.0,baseline,1000,0.0,11.516183883516984,19.00426588591852,0.0,0.0,0.0,1.0,0.0,0.0,0.0
0.08,included,0.15,15.0,0.0,1.0,declared_raw,1000,10.320144867706402,1.196039015810582,5.102132712723811,0.007,0.052719999999999996,0.0,0.061,0.0,0.0,0.0
0.08,included,0.15,15.0,0.0,1.0,confidence_shrink,1000,10.320144867706402,1.196039015810582,5.102132712723811,0.007,0.052719999999999996,0.0,0.061,0.0,0.0,0.0
0.08,included,0.15,15.0,0.0,1.0,minimax_regret,1000,10.309380509053742,1.206803374463241,5.185651749410002,0.007,0.05256,0.0,0.061,0.0,0.0,0.0
0.08,included,0.15,15.0,0.0,1.0,robustness_gate,1000,7.592161480334125,3.9240224031828594,12.40309445587376,0.003,0.03736,0.0,0.371,0.629,0.095,0.003
0.08,included,0.15,15.0,0.0,0.4,oracle_expected,1000,11.154706473422827,0.0,0.0,0.0,0.0632,0.0,0.001,0.0,0.0,0.0
0.08,included,0.15,15.0,0.0,0.4,baseline,1000,0.0,11.154706473422827,18.828698792091572,0.0,0.0,0.0,1.0,0.0,0.0,0.0
0.08,included,0.15,15.0,0.0,0.4,declared_raw,1000,9.83521282497712,1.3194936484457096,5.42468550438583,0.013,0.05232,0.0,0.059,0.0,0.0,0.0
0.08,included,0.15,15.0,0.0,0.4,confidence_shrink,1000,10.494406469970086,0.6603000034527426,2.802481953770597,0.019,0.06632,0.0,0.015,0.0,0.0,0.0
0.08,included,0.15,15.0,0.0,0.4,minimax_regret,1000,9.835805214290431,1.3189012591323976,5.455899609828405,0.013,0.052160000000000005,0.0,0.057,0.0,0.0,0.0
0.08,included,0.15,15.0,0.0,0.4,robustness_gate,1000,9.092046387640094,2.062660085782734,7.74364996707653,0.013,0.05664,0.0,0.214,0.786,0.109,0.013
0.08,included,0.15,15.0,0.5,1.0,oracle_expected,1000,11.246580380576114,0.0,0.0,0.0,0.062240000000000004,0.0,0.0,0.0,0.0,0.0
0.08,included,0.15,15.0,0.5,1.0,baseline,1000,0.0,11.246580380576114,19.179489705028374,0.0,0.0,0.0,1.0,0.0,0.0,0.0
0.08,included,0.15,15.0,0.5,1.0,declared_raw,1000,9.42642334561615,1.820157034959963,6.830433958228572,0.012,0.049120000000000004,0.0,0.106,0.0,0.0,0.0
0.08,included,0.15,15.0,0.5,1.0,confidence_shrink,1000,9.42642334561615,1.820157034959963,6.830433958228572,0.012,0.049120000000000004,0.0,0.106,0.0,0.0,0.0
0.08,included,0.15,15.0,0.5,1.0,minimax_regret,1000,9.425589720480396,1.8209906600957189,6.830433958228572,0.012,0.049280000000000004,0.0,0.105,0.0,0.0,0.0
0.08,included,0.15,15.0,0.5,1.0,robustness_gate,1000,7.224023196970292,4.022557183605822,11.930279858110264,0.007,0.03592,0.0,0.378,0.622,0.128,0.007
0.08,included,0.15,15.0,0.5,0.4,oracle_expected,1000,11.351346624586714,0.0,0.0,0.0,0.06272,0.0,0.001,0.0,0.0,0.0
0.08,included,0.15,15.0,0.5,0.4,baseline,1000,0.0,11.351346624586714,18.72212995747739,0.0,0.0,0.0,1.0,0.0,0.0,0.0
0.08,included,0.15,15.0,0.5,0.4,declared_raw,1000,9.293296633411586,2.0580499911751295,7.497398320612577,0.015,0.048,0.0,0.123,0.0,0.0,0.0
0.08,included,0.15,15.0,0.5,0.4,confidence_shrink,1000,10.319110037854607,1.0322365867321084,4.468842724639941,0.03,0.06448000000000001,0.0,0.041,0.0,0.0,0.0
0.08,included,0.15,15.0,0.5,0.4,minimax_regret,1000,9.277692510065373,2.073654114521342,7.5469581853941845,0.015,0.047920000000000004,0.0,0.122,0.0,0.0,0.0
0.08,included,0.15,15.0,0.5,0.4,robustness_gate,1000,8.720514681252594,2.6308319433341216,9.20422953753465,0.022,0.053439999999999994,0.0,0.254,0.746,0.126,0.022
0.08,omitted,0.0,0.0,0.0,1.0,oracle_expected,1000,11.636821403414602,0.0,0.0,0.0,0.06488,0.0,0.0,0.0,0.0,0.0
0.08,omitted,0.0,0.0,0.0,1.0,baseline,1000,0.0,11.636821403414602,18.979200964539107,0.0,0.0,0.0,1.0,0.0,0.0,0.0
0.08,omitted,0.0,0.0,0.0,1.0,declared_raw,1000,11.45277942447626,0.18404197893834018,0.31478831444730476,0.005,0.07384,0.0,0.0,0.0,0.0,0.0
0.08,omitted,0.0,0.0,0.0,1.0,confidence_shrink,1000,11.45277942447626,0.18404197893834018,0.31478831444730476,0.005,0.07384,0.0,0.0,0.0,0.0,0.0
0.08,omitted,0.0,0.0,0.0,1.0,minimax_regret,1000,11.435944251500977,0.20087715191362437,0.4094102138308243,0.005,0.07415999999999999,0.0,0.0,0.0,0.0,0.0
0.08,omitted,0.0,0.0,0.0,1.0,robustness_gate,1000,10.694567457520245,0.9422539458943566,4.78068481734212,0.0,0.06448000000000001,0.0,0.173,0.827,0.018,0.0
0.08,omitted,0.0,0.0,0.0,0.4,oracle_expected,1000,11.497959831464534,0.0,0.0,0.0,0.06496,0.0,0.001,0.0,0.0,0.0
0.08,omitted,0.0,0.0,0.0,0.4,baseline,1000,0.0,11.497959831464534,18.916259701443273,0.0,0.0,0.0,1.0,0.0,0.0,0.0
0.08,omitted,0.0,0.0,0.0,0.4,declared_raw,1000,11.307664658591298,0.1902951728732352,0.47709732094078194,0.003,0.07440000000000001,0.0,0.0,0.0,0.0,0.0
0.08,omitted,0.0,0.0,0.0,0.4,confidence_shrink,1000,10.96854930414252,0.529410527322014,2.108094478129733,0.031,0.07944,0.0,0.0,0.0,0.0,0.0
0.08,omitted,0.0,0.0,0.0,0.4,minimax_regret,1000,11.29870413765959,0.19925569380494326,0.554123655228432,0.004,0.07464,0.0,0.0,0.0,0.0,0.0
0.08,omitted,0.0,0.0,0.0,0.4,robustness_gate,1000,10.913598448678428,0.5843613827861058,2.2885256610343103,0.011,0.07584,0.0,0.052,0.948,0.136,0.011
0.08,omitted,0.0,0.0,0.5,1.0,oracle_expected,1000,11.174044523162578,0.0,0.0,0.0,0.06272,0.0,0.002,0.0,0.0,0.0
0.08,omitted,0.0,0.0,0.5,1.0,baseline,1000,0.0,11.174044523162578,19.272483084899978,0.0,0.0,0.0,1.0,0.0,0.0,0.0
0.08,omitted,0.0,0.0,0.5,1.0,declared_raw,1000,10.886284527820978,0.2877599953416007,0.5275744062261595,0.012,0.06784,0.0,0.01,0.0,0.0,0.0
0.08,omitted,0.0,0.0,0.5,1.0,confidence_shrink,1000,10.886284527820978,0.2877599953416007,0.5275744062261595,0.012,0.06784,0.0,0.01,0.0,0.0,0.0
0.08,omitted,0.0,0.0,0.5,1.0,minimax_regret,1000,10.870285257648042,0.3037592655145354,0.554398414672834,0.012,0.06816,0.0,0.008,0.0,0.0,0.0
0.08,omitted,0.0,0.0,0.5,1.0,robustness_gate,1000,9.437853213153694,1.736191310008884,6.836604281742852,0.003,0.057120000000000004,0.0,0.246,0.754,0.034,0.003
0.08,omitted,0.0,0.0,0.5,0.4,oracle_expected,1000,11.258260489660932,0.0,0.0,0.0,0.06280000000000001,0.0,0.0,0.0,0.0,0.0
0.08,omitted,0.0,0.0,0.5,0.4,baseline,1000,0.0,11.258260489660932,18.663494415143546,0.0,0.0,0.0,1.0,0.0,0.0,0.0
0.08,omitted,0.0,0.0,0.5,0.4,declared_raw,1000,10.917887953582072,0.34037253607886037,0.9446473189778719,0.009,0.06992,0.0,0.012,0.0,0.0,0.0
0.08,omitted,0.0,0.0,0.5,0.4,confidence_shrink,1000,10.667366957374206,0.5908935322867253,2.3352851719529224,0.039,0.07840000000000001,0.0,0.0,0.0,0.0,0.0
0.08,omitted,0.0,0.0,0.5,0.4,minimax_regret,1000,10.912699880848827,0.3455606088121059,1.0391119935685043,0.009,0.07,0.0,0.01,0.0,0.0,0.0
0.08,omitted,0.0,0.0,0.5,0.4,robustness_gate,1000,10.508834053450478,0.7494264362104529,3.0321519291187933,0.018,0.07424,0.0,0.065,0.935,0.15,0.018
0.08,omitted,0.0,15.0,0.0,1.0,oracle_expected,1000,11.45207097190248,0.0,0.0,0.0,0.06344000000000001,0.0,0.001,0.0,0.0,0.0
0.08,omitted,0.0,15.0,0.0,1.0,baseline,1000,0.0,11.45207097190248,18.92767937174755,0.0,0.0,0.0,1.0,0.0,0.0,0.0
0.08,omitted,0.0,15.0,0.0,1.0,declared_raw,1000,10.717284229581105,0.734786742321374,3.2383437863031803,0.016,0.06528,0.0,0.014,0.0,0.0,0.0
0.08,omitted,0.0,15.0,0.0,1.0,confidence_shrink,1000,10.717284229581105,0.734786742321374,3.2383437863031803,0.016,0.06528,0.0,0.014,0.0,0.0,0.0
0.08,omitted,0.0,15.0,0.0,1.0,minimax_regret,1000,10.720499006541157,0.731571965361324,3.1519373982184478,0.016,0.06536,0.0,0.013,0.0,0.0,0.0
0.08,omitted,0.0,15.0,0.0,1.0,robustness_gate,1000,9.125419366685886,2.3266516052165924,8.653019430338214,0.009,0.053520000000000005,0.0,0.235,0.765,0.119,0.009
0.08,omitted,0.0,15.0,0.0,0.4,oracle_expected,1000,11.427778497609207,0.0,0.0,0.0,0.06464,0.0,0.0,0.0,0.0,0.0
0.08,omitted,0.0,15.0,0.0,0.4,baseline,1000,0.0,11.427778497609207,18.814440593905637,0.0,0.0,0.0,1.0,0.0,0.0,0.0
0.08,omitted,0.0,15.0,0.0,0.4,declared_raw,1000,10.626227743317996,0.8015507542912131,3.325732511494182,0.019,0.06456,0.0,0.02,0.0,0.0,0.0
0.08,omitted,0.0,15.0,0.0,0.4,confidence_shrink,1000,10.824119783300741,0.6036587143084663,2.339190286738624,0.029,0.07135999999999999,0.0,0.005,0.0,0.0,0.0
0.08,omitted,0.0,15.0,0.0,0.4,minimax_regret,1000,10.647957731559414,0.779820766049794,3.1838721952108755,0.019,0.06472,0.0,0.018,0.0,0.0,0.0
0.08,omitted,0.0,15.0,0.0,0.4,robustness_gate,1000,10.001451561113171,1.426326936496036,6.040543911335912,0.02,0.06528,0.0,0.127,0.873,0.126,0.02
0.08,omitted,0.0,15.0,0.5,1.0,oracle_expected,1000,11.124980476404668,0.0,0.0,0.0,0.062079999999999996,0.0,0.001,0.0,0.0,0.0
0.08,omitted,0.0,15.0,0.5,1.0,baseline,1000,0.0,11.124980476404668,19.03869776408351,0.0,0.0,0.0,1.0,0.0,0.0,0.0
0.08,omitted,0.0,15.0,0.5,1.0,declared_raw,1000,9.930434192971976,1.1945462834326919,4.7600798061916265,0.016,0.05872,0.0,0.046,0.0,0.0,0.0
0.08,omitted,0.0,15.0,0.5,1.0,confidence_shrink,1000,9.930434192971976,1.1945462834326919,4.7600798061916265,0.016,0.05872,0.0,0.046,0.0,0.0,0.0
0.08,omitted,0.0,15.0,0.5,1.0,minimax_regret,1000,9.928826064515308,1.1961544118893612,4.7600798061916265,0.017,0.05888,0.0,0.046,0.0,0.0,0.0
0.08,omitted,0.0,15.0,0.5,1.0,robustness_gate,1000,8.295239083683473,2.8297413927211945,9.984190357008927,0.009,0.047920000000000004,0.0,0.273,0.727,0.131,0.009
0.08,omitted,0.0,15.0,0.5,0.4,oracle_expected,1000,10.926720782258387,0.0,0.0,0.0,0.06128,0.0,0.0,0.0,0.0,0.0
0.08,omitted,0.0,15.0,0.5,0.4,baseline,1000,0.0,10.926720782258387,18.404303571799986,0.0,0.0,0.0,1.0,0.0,0.0,0.0
0.08,omitted,0.0,15.0,0.5,0.4,declared_raw,1000,9.71090197902274,1.2158188032356485,4.778501178951643,0.017,0.05968,0.0,0.04,0.0,0.0,0.0
0.08,omitted,0.0,15.0,0.5,0.4,confidence_shrink,1000,9.950515945252107,0.9762048370062814,3.942919591042533,0.03,0.06704,0.0,0.023,0.0,0.0,0.0
0.08,omitted,0.0,15.0,0.5,0.4,minimax_regret,1000,9.712838333508314,1.213882448750073,4.853420573951154,0.018,0.0596,0.0,0.037,0.0,0.0,0.0
0.08,omitted,0.0,15.0,0.5,0.4,robustness_gate,1000,8.983164318420146,1.9435564638382423,7.386778144090232,0.024,0.060160000000000005,0.0,0.163,0.837,0.17,0.024
0.08,omitted,0.15,0.0,0.0,1.0,oracle_expected,1000,11.621241289237606,0.0,0.0,0.0,0.06496,0.0,0.0,0.0,0.0,0.0
0.08,omitted,0.15,0.0,0.0,1.0,baseline,1000,0.0,11.621241289237606,18.959607914174168,0.0,0.0,0.0,1.0,0.0,0.0,0.0
0.08,omitted,0.15,0.0,0.0,1.0,declared_raw,1000,11.410996896585518,0.21024439265208772,0.21345289708646337,0.009,0.07336,0.0,0.0,0.0,0.0,0.0
0.08,omitted,0.15,0.0,0.0,1.0,confidence_shrink,1000,11.410996896585518,0.21024439265208772,0.21345289708646337,0.009,0.07336,0.0,0.0,0.0,0.0,0.0
0.08,omitted,0.15,0.0,0.0,1.0,minimax_regret,1000,11.406745107446685,0.2144961817909205,0.24442617720431034,0.01,0.07343999999999999,0.0,0.0,0.0,0.0,0.0
0.08,omitted,0.15,0.0,0.0,1.0,robustness_gate,1000,10.650990424827487,0.9702508644101182,4.913859276706181,0.0,0.0648,0.0,0.163,0.837,0.035,0.0
0.08,omitted,0.15,0.0,0.0,0.4,oracle_expected,1000,11.646582800292807,0.0,0.0,0.0,0.06456,0.0,0.0,0.0,0.0,0.0
0.08,omitted,0.15,0.0,0.0,0.4,baseline,1000,0.0,11.646582800292807,19.086356781701266,0.0,0.0,0.0,1.0,0.0,0.0,0.0
0.08,omitted,0.15,0.0,0.0,0.4,declared_raw,1000,11.459934536361644,0.18664826393116374,0.1119141038162098,0.006,0.07264,0.0,0.0,0.0,0.0,0.0
0.08,omitted,0.15,0.0,0.0,0.4,confidence_shrink,1000,11.10815182052154,0.5384309797712665,2.109631848624936,0.037,0.07823999999999999,0.0,0.0,0.0,0.0,0.0
0.08,omitted,0.15,0.0,0.0,0.4,minimax_regret,1000,11.467963416199284,0.17861938409352318,0.08663249912362968,0.006,0.07248,0.0,0.0,0.0,0.0,0.0
0.08,omitted,0.15,0.0,0.0,0.4,robustness_gate,1000,10.970635793662362,0.6759470066304446,2.861966222749003,0.013,0.07448,0.0,0.066,0.934,0.125,0.013
0.08,omitted,0.15,0.0,0.5,1.0,oracle_expected,1000,11.584925470971875,0.0,0.0,0.0,0.06368,0.0,0.0,0.0,0.0,0.0
0.08,omitted,0.15,0.0,0.5,1.0,baseline,1000,0.0,11.584925470971875,19.466723006447562,0.0,0.0,0.0,1.0,0.0,0.0,0.0
0.08,omitted,0.15,0.0,0.5,1.0,declared_raw,1000,11.27367532331222,0.31125014765965664,0.5770733493826405,0.009,0.06944,0.0,0.008,0.0,0.0,0.0
0.08,omitted,0.15,0.0,0.5,1.0,confidence_shrink,1000,11.27367532331222,0.31125014765965664,0.5770733493826405,0.009,0.06944,0.0,0.008,0.0,0.0,0.0
0.08,omitted,0.15,0.0,0.5,1.0,minimax_regret,1000,11.274362924473532,0.31056254649834364,0.6564089895488865,0.009,0.06984,0.0,0.007,0.0,0.0,0.0
0.08,omitted,0.15,0.0,0.5,1.0,robustness_gate,1000,9.970094048180949,1.6148314227909273,6.911611259590675,0.003,0.05928,0.0,0.227,0.773,0.045,0.003
0.08,omitted,0.15,0.0,0.5,0.4,oracle_expected,1000,11.645042667900299,0.0,0.0,0.0,0.06416,0.0,0.0,0.0,0.0,0.0
0.08,omitted,0.15,0.0,0.5,0.4,baseline,1000,0.0,11.645042667900299,19.437700999287816,0.0,0.0,0.0,1.0,0.0,0.0,0.0
0.08,omitted,0.15,0.0,0.5,0.4,declared_raw,1000,11.286799653298825,0.35824301460147506,1.108795934706197,0.009,0.07056,0.0,0.009,0.0,0.0,0.0
0.08,omitted,0.15,0.0,0.5,0.4,confidence_shrink,1000,11.170883748638827,0.4741589192614725,1.6907360064760037,0.028,0.07816,0.0,0.0,0.0,0.0,0.0
0.08,omitted,0.15,0.0,0.5,0.4,minimax_regret,1000,11.282282841786055,0.36275982611424457,1.130853830940015,0.009,0.0704,0.0,0.008,0.0,0.0,0.0
0.08,omitted,0.15,0.0,0.5,0.4,robustness_gate,1000,10.989894918206273,0.6551477496940259,2.741032297175949,0.012,0.07456,0.0,0.063,0.937,0.137,0.012
0.08,omitted,0.15,15.0,0.0,1.0,oracle_expected,1000,11.198160364014209,0.0,0.0,0.0,0.061439999999999995,0.0,0.0,0.0,0.0,0.0
0.08,omitted,0.15,15.0,0.0,1.0,baseline,1000,0.0,11.198160364014209,18.9459207227042,0.0,0.0,0.0,1.0,0.0,0.0,0.0
0.08,omitted,0.15,15.0,0.0,1.0,declared_raw,1000,10.487201270176474,0.7109590938377348,3.040225209963506,0.014,0.06272,0.0,0.012,0.0,0.0,0.0
0.08,omitted,0.15,15.0,0.0,1.0,confidence_shrink,1000,10.487201270176474,0.7109590938377348,3.040225209963506,0.014,0.06272,0.0,0.012,0.0,0.0,0.0
0.08,omitted,0.15,15.0,0.0,1.0,minimax_regret,1000,10.484125087101914,0.714035276912295,3.119734702306562,0.015,0.06272,0.0,0.011,0.0,0.0,0.0
0.08,omitted,0.15,15.0,0.0,1.0,robustness_gate,1000,8.823623557490222,2.374536806523988,9.03739349163903,0.007,0.05176,0.0,0.234,0.766,0.107,0.007
0.08,omitted,0.15,15.0,0.0,0.4,oracle_expected,1000,11.541915028069697,0.0,0.0,0.0,0.06464,0.0,0.0,0.0,0.0,0.0
0.08,omitted,0.15,15.0,0.0,0.4,baseline,1000,0.0,11.541915028069697,19.259784483303132,0.0,0.0,0.0,1.0,0.0,0.0,0.0
0.08,omitted,0.15,15.0,0.0,0.4,declared_raw,1000,10.794517296972328,0.7473977310973688,3.1983648990436615,0.017,0.0644,0.0,0.014,0.0,0.0,0.0
0.08,omitted,0.15,15.0,0.0,0.4,confidence_shrink,1000,11.013467355748563,0.5284476723211339,2.043285269981971,0.026,0.0724,0.0,0.002,0.0,0.0,0.0
0.08,omitted,0.15,15.0,0.0,0.4,minimax_regret,1000,10.76554594112303,0.7763690869466675,3.3638688987854524,0.017,0.06432,0.0,0.015,0.0,0.0,0.0
0.08,omitted,0.15,15.0,0.0,0.4,robustness_gate,1000,10.04854090311604,1.4933741249536574,6.556540685678475,0.018,0.06416,0.0,0.144,0.856,0.124,0.018
0.08,omitted,0.15,15.0,0.5,1.0,oracle_expected,1000,11.047521534166522,0.0,0.0,0.0,0.06232,0.0,0.001,0.0,0.0,0.0
0.08,omitted,0.15,15.0,0.5,1.0,baseline,1000,0.0,11.047521534166522,18.459415687537085,0.0,0.0,0.0,1.0,0.0,0.0,0.0
0.08,omitted,0.15,15.0,0.5,1.0,declared_raw,1000,9.84566259055992,1.2018589436066023,5.03761961409644,0.024,0.0596,0.0,0.057,0.0,0.0,0.0
0.08,omitted,0.15,15.0,0.5,1.0,confidence_shrink,1000,9.84566259055992,1.2018589436066023,5.03761961409644,0.024,0.0596,0.0,0.057,0.0,0.0,0.0
0.08,omitted,0.15,15.0,0.5,1.0,minimax_regret,1000,9.83980598025237,1.2077155539141529,5.03761961409644,0.024,0.05952,0.0,0.055,0.0,0.0,0.0
0.08,omitted,0.15,15.0,0.5,1.0,robustness_gate,1000,8.286990371171823,2.7605311629946985,9.369671222715626,0.014,0.04856,0.0,0.268,0.732,0.12,0.014
0.08,omitted,0.15,15.0,0.5,0.4,oracle_expected,1000,11.625450320294856,0.0,0.0,0.0,0.06512000000000001,0.0,0.0,0.0,0.0,0.0
0.08,omitted,0.15,15.0,0.5,0.4,baseline,1000,0.0,11.625450320294856,18.94159291616947,0.0,0.0,0.0,1.0,0.0,0.0,0.0
0.08,omitted,0.15,15.0,0.5,0.4,declared_raw,1000,10.520837300325153,1.1046130199697042,4.641502507567797,0.016,0.06024,0.0,0.048,0.0,0.0,0.0
0.08,omitted,0.15,15.0,0.5,0.4,confidence_shrink,1000,10.885871907155467,0.7395784131393893,2.8501215103089006,0.028,0.06912,0.0,0.02,0.0,0.0,0.0
0.08,omitted,0.15,15.0,0.5,0.4,minimax_regret,1000,10.489887511036219,1.135562809258638,4.915248504894106,0.016,0.06032,0.0,0.048,0.0,0.0,0.0
0.08,omitted,0.15,15.0,0.5,0.4,robustness_gate,1000,9.695575799369536,1.9298745209253216,8.188996506324676,0.016,0.06080000000000001,0.0,0.184,0.816,0.106,0.016
